,Cycle,A1,A2,A3,A4,A5,A6,A7,A8,A9,A10,A11,A12,B1,B2,B3,B4,B5,B6,B7,B8,B9,B10,B11,B12,C1,C2,C3,C4,C5,C6,C7,C8,C9,C10,C11,C12,D1,D2,D3,D4,D5,D6,D7,D8,D9,D10,D11,D12,E1,E2,E3,E4,E5,E6,E7,E8,E9,E10,E11,E12,F1,F2,F3,F4,F5,F6,F7,F8,F9,F10,F11,F12,G1,G2,G3,G4,G5,G6,G7,G8,G9,G10,G11,G12,H1,H2,H3,H4,H5,H6,H7,H8,H9,H10,H11,H12
,1,-43.9242715932396,-60.4413224865889,-76.1655512071275,-89.799761469134,-68.7147626002579,-104.851264613964,-46.1828577538818,-83.9090206752335,-155.38401249798,-134.92743552479,-117.138908466918,-127.406093970279,2.63215178361179,1.72643191174893,-26.1432367460643,-36.2136846040594,-9.65720412373548,-43.1452825864485,-17.4026962432895,-40.8672978773175,-21.3589047589367,-29.2646021362566,-168.247380044983,-37.2997221689216,1.3068108511352,-16.8148094753956,-11.5397410946439,-16.7668487814676,-51.6277307744381,-46.0265799846798,-35.409171739394,-34.0818495458761,-5.7844787203685,-52.8165068165863,11.3837317228213,-13.158410473663,-21.7184635572194,-44.2261298348249,-61.6650575264421,-27.2910837424129,-78.3532062563436,-92.7807008041141,-96.3270189289101,-99.7398359380973,-62.0495572800028,-63.5563245171143,-81.0919234567668,-50.0487659148962,-15.3796353873486,-58.9523619601691,-32.1913086932559,-39.6854751326728,-70.4810311139472,-108.031858438762,-88.0598746832811,-91.1609576751525,-123.936740086943,-65.5339840651541,-59.7040417123721,-28.2434224225976,-15.164064352889,-43.6457874836033,-26.5843270577475,-52.9080644005512,-75.4478144051632,-78.1575409695301,-61.6810373373023,-48.3638957757307,-66.7033615930409,-44.8524396567227,-36.5014080980854,-22.003530937066,-123.239049369935,-24.0070738279433,-36.0968689722613,-29.0611412096878,-52.118049450763,-51.9532765341928,-51.8954305656971,-35.9273714379715,-58.0003749512821,-50.1610481993257,-74.2718147721698,-29.2417108941117,11.0557409228063,-29.3822840591938,-46.7562999539828,-54.3805452720785,-16.9025338927577,-31.7538891702338,-39.4725639815128,-10.3248264684403,-11.5450238306448,-37.4937840627977,-50.8342462597034,16.8820188777004
,2,-16.0371949889327,-31.4550724030569,-35.8747469899927,-33.0836427172358,-33.8303658403438,-25.5700511293498,-27.2497561358718,-47.332864472909,-43.6830363426138,-41.3793092679939,-46.1375947248048,-43.8778708821046,10.6737142898305,1.74192559181165,-1.75916423672288,-5.38452781431806,-9.80822162084723,16.67479005635,-12.2053097807902,-2.20390172102407,-6.58433380948554,4.25761055751445,2.14608333029719,1.87013628632485,3.16017547421598,-1.05196707244431,-6.54670254668918,-1.06494220345758,-4.77227982820477,-18.3631592705201,-10.2795714296253,3.83798478336666,-9.27339202949224,-24.1901676199927,5.03589944164196,-4.89972964358049,-14.1977057868289,-14.258137591572,-24.6299048686606,-8.00129113548201,-25.7771221078965,-27.6111478349103,-30.7180247224701,-20.6494869100084,-9.52920941122557,-3.64201738607198,-16.2268494275195,-8.88430542939295,-7.54953960696002,-24.1728730726536,-14.5124098248884,-21.5829790076973,-15.1846404125781,-40.0494754586184,-34.4573703588053,-31.6830547819618,-40.5291433755601,-21.0515428778572,-26.856685798281,-12.6171632692008,-13.0184950101366,-21.3629337338416,3.06961236499683,-18.49946129618,-36.0667754792926,-26.5187579707367,-12.841003298347,-7.95830792713787,-3.70765591547934,-3.32408353818619,-0.757515018186041,-17.5104128524554,16.2264145392573,9.14930802755543,4.31882044655322,12.6874660001954,7.91507681831808,7.14876008899682,-4.35747678171401,7.51754232467192,0.607902167931115,2.81362776615606,-2.42824284726157,18.3792291533996,11.7564052248945,-5.99114366358572,1.53115192325231,4.42905894475462,11.4879884790134,-10.8192492388148,11.3578533244254,23.856427397865,21.1408692228979,18.9799728121516,23.7035370270787,24.1953214412542
,3,8.1913182444714,-9.91261638289961,-19.1433927247112,-9.23234712938165,-11.2531001424718,-1.05148982048604,-12.172368228627,-5.58278951062721,-8.20881971367999,-7.61480631913764,10.5189427241894,-14.5464593241572,14.7829206853198,10.8745717629413,7.12504955564827,4.34386430395671,2.70814204279895,17.7914542418207,2.39889083546086,9.0379899582631,4.59841488149823,11.6447825364917,4.91273548392519,12.0805165346833,13.2258700450284,10.7507801935699,7.25018480794915,9.90142889492699,2.02969943797734,-3.3227020700192,2.89843751860781,6.31793739405248,2.26902703484211,-15.4548776157458,6.60938154134055,9.84924113139641,-1.60770429154809,-3.55071458793873,-8.0643566800527,5.68613460679717,-8.14261847619946,-11.2361801190532,2.39499031200967,-2.31406505885934,-1.66202924035542,9.46260044782275,-0.446640193616986,-1.71339902736554,1.10452293841217,-11.4519697067767,-6.26116281285431,-10.5305508851388,-1.64994018224115,-15.5531786847446,-12.4962983760806,-5.33253346032461,-8.83454789600091,-5.62247887153853,0.333919717940717,-0.833641963590708,4.52744662711302,-5.89424757909092,5.95906775769981,3.35344558119141,-13.9231170857497,0.549593853907027,0.413446381573067,16.8009182032151,-0.403765918395948,4.84036582837552,0.479139172482064,2.3561374584192,27.2051177005701,15.3154265842054,24.8678519604587,22.556879463003,22.5831122451632,21.4779659151391,17.3355895171449,23.2882964485466,16.0460597124779,28.9828880186924,9.7639892400648,19.7007142882971,16.7127840786334,5.06703013477363,11.6571082042819,11.8418217437543,15.1636764451441,12.3064518049305,29.1657668763319,30.7344713349689,32.961364547064,18.2594267526624,25.6289001288387,33.3173524175199
,4,8.92106147572258,0.210357303897581,21.0531045880084,22.4812619884178,-2.15842487517875,-1.04382290817557,0.738925007981834,-6.37688521456448,-2.04143126558984,1.49435921759641,0.539593789595983,-4.50800871125648,10.4407616641611,11.5051285929467,12.7640424020492,10.0392906305474,2.55487907075985,19.6980668077263,0.364997487820347,5.06070228504768,9.81606693914,9.68978428103082,3.09308527383473,8.7668045143605,14.7094754810737,15.9694125679634,8.7718137769898,15.2183573653824,9.62211296918576,8.72302917875368,6.54971841383667,7.62969725111316,5.63820114174359,28.1001958869474,8.22346948329869,11.4029615314917,5.13454747933292,12.9955126182472,-4.23302034823928,10.5691271188275,3.13325768592995,-4.6245113191053,0.521820584308898,4.7859852605302,10.0047317297854,5.66686352839088,16.5865271776911,5.94543886433121,0.731197338313905,-1.64705900290255,3.90960353539913,1.57607944566416,-5.37177434621708,-4.8420408253528,-5.60916298375878,-1.16584109594078,-1.99247411565239,13.0430801788157,5.60249950436628,8.88986205954689,7.38095821605066,-2.64723851336203,4.84069442558257,5.33451332380173,-3.07980514169412,-4.66129591397157,9.05708340574847,10.4382743548181,0.247342663295512,9.91856314733832,7.86887390260063,8.76571491602135,17.2479700435042,15.9502911073,24.0612701405221,17.7869411999764,17.6693638816769,24.2298875029319,22.2598431721508,12.8275142857797,11.5483064201062,9.66488496118973,8.39440323594908,13.9024461434292,13.5474490941942,8.21343402227558,10.9549101223952,5.21907270083784,15.8577051815009,8.17359805092156,20.3073500903492,21.5919075850088,21.2053575298355,10.1020384777462,24.4942169700485,16.6937158196215
,5,16.1072004906641,3.68565002062132,13.8286762830944,18.1573139899842,5.36177280767288,5.05377718500085,8.212444662704,8.85400488189862,5.18032281979458,15.1158593414152,10.4752178419203,4.08899533498743,17.1685481542199,16.76479124656,10.5467039346017,10.5467222104153,10.9484735361502,18.8218421987808,8.96745635910429,9.52436155994064,11.8552612185049,8.80155321813845,6.59984039673145,10.8449805232722,18.0500553362713,13.6215509073172,13.3851690242368,11.5735852656508,9.44856155734487,11.8217275337392,17.8669831504558,13.4383716548864,16.6733461178001,24.3008522371974,17.0839993686254,11.6460683562991,5.2040908101917,9.69689647508949,9.41995199782559,5.88535308637574,8.95716900461184,4.26325778538694,7.62852350761477,9.06310638917421,8.60939341441554,9.73371835674106,14.0635830652309,11.3340314723596,9.50805971678074,6.99026406233907,5.48881725968795,7.91483977319194,6.62962943592311,-0.553882635876107,5.04107662304386,6.88182818710129,15.5384000773615,11.3518792771374,9.53457307644021,11.5178886118842,15.0345963645364,7.22753692845481,6.65626327678683,10.0786033522077,4.20429077369772,0.172130584282968,10.0940617353658,14.1329572224554,10.811856601737,14.0658097725682,13.8424317495078,14.7312379030814,12.8280513487002,14.1836404025889,20.707728523716,19.2774113008527,16.5319221974255,14.9317969952208,12.9782699957227,12.8587432487352,12.7710157891015,13.0883743634408,7.92232903768854,14.0220323112335,15.3277887370764,9.48397858471481,11.4382944472964,8.41803206246686,8.12941538730956,11.6416233059258,20.7713236338072,11.0985606210966,22.1228129851447,7.59958326000424,18.5919861164939,14.5567407175099
,6,11.9646966240502,-0.225231168430582,-1.21406177963763,1.13794877947794,-1.47080836451869,-0.218457237480834,-5.94848193532926,3.50310849818561,1.53155514478522,-3.18842150603723,3.44312386490037,-3.10122803900549,7.91696275004915,4.98097204090664,5.93915442832167,7.5060641788923,0.181600507778057,4.5268688067822,0.195618402151467,-0.625055520220485,1.27919532641818,0.122043202018631,-2.6528342109782,2.64834292923115,0.835689374785943,-2.39529748591212,6.26423961024602,2.05591428310072,0.918732270020882,0.975382377430833,2.2936855188791,-0.017604388444397,6.08945709588852,6.65047251580108,1.94642925324979,7.33063458618881,4.39435861448283,-3.20762471858416,-2.2263667093257,-1.70064117744596,-4.18447994045891,3.01953154449711,-3.11324299761918,-1.17031681647131,0.473425038801452,0.369295975864134,1.14498829979811,6.37807032509545,1.35785633100204,-0.129991311508547,0.470818848925319,2.57089362296347,-1.81826835291486,-5.38780207144964,-9.00589224787836,0.339911812661285,-0.498629039015213,-0.130945325713128,3.93796201657142,2.48848930796248,-2.08545878809036,-5.71335022398353,0.286643175465088,3.20607463243641,-1.49657092720417,-1.36701162028976,4.30955826454374,-5.44758159613866,6.64447731218343,0.418243736392469,-1.93526811198853,-1.60704145165209,3.95379173285619,6.72612136677617,3.31781146640787,3.64151929373202,6.03643881571725,2.48011263427679,9.3759903568689,-1.81733745310976,-0.450733694167411,0.307070896049481,4.91311266654884,11.7098442393717,6.37194277626122,3.39646644273353,-3.25606186991854,1.50948366037301,1.77104308076559,2.37366306465447,0.744238188278359,-0.168922636929892,3.97013349592089,-4.03626714705615,7.38061325155377,3.04947657624189
,7,6.98835510838626,17.0071655020224,14.0466099467808,7.1538430317446,7.62259578970088,7.49119405612782,8.6169371741521,5.30963454652692,16.4119913826607,17.5261475354341,6.43506555047907,4.83488049349717,5.49275156742533,8.44746336211938,10.5514057098526,13.8969258995276,10.5943041404562,7.44484027621684,14.3783892597039,8.40803038641616,15.6550531314138,4.2756383665992,9.40600655424669,4.58959854503473,4.06572281028912,11.1289929903382,9.76910825235655,13.1937437186134,7.06418313857603,8.28800770989164,14.3543506221558,13.5150043697354,8.142331923862,8.94611988412953,10.6831866729053,5.18811313607785,8.04719238785083,4.47734024769034,5.79600093757017,4.41661859710439,8.99606596301646,14.4530306342704,9.74574491494195,8.66270314909661,11.0734738352994,11.1874286707412,8.43635206923773,10.7375045680205,4.80788066525247,12.6301345448328,8.39351783232678,12.5991240028775,8.2852793739944,9.80455654937577,12.1809229090541,8.30469690437985,6.31550561323911,10.976041928885,8.33833460896722,10.3165228023463,1.88215884598276,7.92862951119196,11.1408274394039,2.20175702568849,10.9356211128743,7.60255260803569,14.3454371156063,9.54662666977856,9.1871417276443,5.14053396368627,9.2784967092357,11.4656367004659,0.869913280072524,10.2773495904676,2.06284225258878,9.72667066376425,6.89263294667808,1.87862214855159,4.69024779676647,1.35155443445774,15.1730518899499,4.58065874137583,8.36658322841595,9.87969139672259,3.13898947614916,8.01368948344862,7.15878014879308,4.44147779925152,7.5496726800875,9.06980635166565,3.67452124069223,-1.09810676332927,1.62401407197012,2.3680370088573,-1.49637514128608,-0.891785306023394
,8,11.4087696443812,6.43852029223353,2.57112850088106,-1.94681716383457,4.43839119254608,-2.4795874463648,1.28408584349791,-2.43948053230497,2.67651001061085,-0.785560664570767,0.303456820851352,1.1744993844045,1.71409585896208,-1.18870492036604,0.666518333021031,-0.428194854725007,-11.0508131188294,-3.68956789168897,0.461247152115448,3.53497223581053,-0.238303680403533,2.14797173287116,1.99839303707495,-4.44238954316324,-5.69066985364043,-6.02439558657761,0.0378020358889444,-0.392587718581126,-3.58934898950884,-0.488494813891066,-0.305894561498462,-2.09075584458469,-7.82470722025164,-4.75566676162589,-0.0722981949616042,-2.5128614961086,1.57861884912654,0.0955760554288645,2.71150444696968,-5.54278004934758,1.10473858660089,4.01448713975788,-3.24999999012925,-4.69196922688161,-3.82515258168678,-4.36242592877124,-5.93417308995777,2.76525237124406,1.84219771871221,4.36038705043711,-4.34605855916016,-0.678476951954508,1.72346150609474,-3.52674527307181,5.80321795982809,0.87527260170782,-7.16555897998069,-0.211551945773408,3.48493649590637,-0.651609911506512,-1.18102420722471,0.38298557368671,-1.93971471753321,2.69507459404304,2.95313541984842,0.457390465564004,2.94202490448788,-3.3380317802048,1.81825863797121,-0.667199873370009,-0.65827910133612,-4.23604572660906,-10.8770736766073,-3.20652084196763,-11.3116248293641,-5.55996694008081,-8.35541641865984,-4.55990530053532,-7.29190009065451,-8.50823374478523,-1.63030389971254,-7.24856920536831,-11.5389722775117,-6.60770319453468,-0.645534469701488,4.56014500320998,-1.957440203028,1.15442897453067,-0.918396586538165,2.33234202097719,-10.7202194012175,-8.12612765797849,-10.9372021501899,-3.88548051248017,-13.0310190373871,-11.8403259946922
,9,7.87170203556479,12.624469845623,7.12618330373834,10.6216541812419,12.1838806884748,11.6118194022306,1.09706071472465,9.71813607158902,5.77305075130789,5.2415078338372,9.34740544624856,3.77943613982234,2.09591396024598,6.37463985747081,5.08805783644812,7.52142463793143,7.40013397825032,-1.57970285747615,4.35979809497303,2.38897430172801,0.554441785423023,4.14097493358531,7.75597655364118,2.57965496301904,0.0706790708341032,5.24624441691913,4.60145280435427,2.02460560122927,-1.40693816980684,4.7152386630637,0.707556627187842,8.61110192619753,5.82875275755941,-3.54398932983349,6.16118865670296,5.2502384529671,3.56804548978471,2.96375995734707,3.17095991201177,7.99421281481455,9.1395525584071,7.73975343463235,7.34214089871057,13.1120309722414,1.7093841779315,11.2734186090911,4.08482298103536,5.52698858214717,5.46985421825502,8.11118854139886,5.56727165379425,6.83341353830883,11.7421876669923,25.6570244602981,12.0526398901038,8.49106076499857,6.62266652309381,13.1365160430882,10.5071036115141,6.29003515208115,4.03045359191401,5.41024798760327,5.81972328176607,6.83735446821538,9.76718395934449,10.4455623133931,6.35965103957005,2.86925437258333,5.55064514266496,4.54713513799788,0.96832875296559,2.07451491093752,-6.31820675477275,-3.69605617021216,-5.71139318076484,-4.51462348871519,-5.862239005839,-1.80232556328792,-8.34293385761885,-7.50174038048408,-2.14062264993208,-4.94040380705519,0.885219051854165,-9.91579783692168,-1.33541617457604,11.2351014448986,0.277303548042255,1.09630679054862,3.00126962504555,5.40807255860045,-5.94325380902455,-3.35746824191301,-16.0499420280548,-3.95441233022257,-7.95557009836739,-8.67764488858165
,10,10.9663587684381,16.9104407803784,20.0874384095982,15.08805771269,23.6835604258408,15.838774800533,19.6461221650106,22.328845614255,22.9019347984481,17.0185152337031,6.97774387952131,5.81357884753106,3.43159714584726,8.65934642338425,7.65006749001805,11.4948565722007,18.1036449323619,3.24275587561488,17.1769257467422,10.4366146276379,17.9666663302301,13.4078272634961,16.3984206642785,3.03642020022744,10.569589010428,14.9076058752985,18.0964362254294,12.5591872914101,13.6896757710679,16.6026644971284,20.972418714704,14.8364590365536,15.9531302643354,3.79875765832958,12.4802256097551,11.3508682478741,14.3321970949096,15.6700307178457,17.8318162035312,16.5037579314139,21.4659381991751,18.0044454447598,21.1748541018983,20.1327950063833,15.3860663750829,21.1064246821479,12.4420935580101,11.2539820256752,19.4869882048138,19.1371886118432,13.8970795089535,22.4872820223286,16.4056156921815,31.0578591773633,18.4932452084727,19.4276809149355,17.3543597973739,22.8377026495073,17.8531608065391,18.9038225189056,16.4897665862218,23.6792232316548,12.2453673082669,14.2457084422722,22.3570483240951,14.7500679800596,17.7628389773663,13.2125967191582,16.098729772993,14.580471041787,13.1289522181905,16.7771749213157,-9.21741219258411,-3.99485846345169,-1.53625258091779,-0.898857128537657,-1.2591992219709,-3.62476152891168,0.930992467643136,4.36862590159217,5.75649928348548,6.76090613556426,2.07901351290548,-5.59377254272977,0.545765231532187,10.0561315346217,7.38059215245994,4.85586359387298,7.34812376379523,12.8939809685039,-4.43050035602619,3.49464944777083,-3.85879279958908,-6.72329385417879,-15.872082511637,-12.8546634872191
,11,-2.28505890897623,-1.61626048425433,-3.09247977352788,-7.17629929322766,1.52506423509385,-0.645505911625605,-6.3974062172997,-4.0130826913919,-2.80202823047102,-2.57442248226243,-8.13756074935327,-3.2943255311493,-8.4774580310027,-12.1171787848534,-7.43433986336095,-9.60563552343729,-14.116415021233,-20.9105356034161,-6.80381908954496,-9.75610643457685,-6.16199506271505,-3.2113043257159,-8.13007960526193,-5.1486653499328,-10.8392407988713,-12.3739251107327,-8.76849527428021,-12.9294223602169,-12.0465840265911,-9.09631748716856,-11.3878866710852,-9.12361351262189,-9.90549177078174,-11.9865976878086,-8.87684907599078,-10.3563656288648,-3.9597427328863,-7.29076095571645,1.03228100424985,-5.1340544411014,1.12128400319989,5.56017882882861,-5.22136871937391,-9.22459972850038,-6.93394084070087,-6.10763361376939,-12.8453346886763,-6.77921881145585,-7.53869009231721,2.19748673849608,-1.79333168546145,2.93364032692898,-5.93743406207932,1.97399821794988,6.96928950738402,-4.21484250051708,-0.167984910584437,-1.72410036362498,-7.22304692425905,-6.54258684321849,-4.60105475035652,1.33930827053291,-2.97190836125174,-3.48510889926274,0.0155832461318823,2.30059239523052,-2.59767276742878,-10.16842511087,-0.583029217529656,-4.91733256313682,-8.32791333342675,-12.0090638183019,-20.1428730199423,-21.3233106121579,-24.8547027561185,-26.0518325203693,-21.4683448041487,-18.0882544368646,-24.3596200542574,-10.7022306740346,-14.0904146228609,-16.9969654248052,-15.5986654526414,-16.6863170261536,-8.04356856714639,-7.23132862758439,-10.1288131149568,-0.711279508926509,-8.08063561383278,-7.16608358049007,-29.0057919781957,-24.4529602984694,-32.1328633951525,-12.3134722641944,-28.7006687610542,-24.2963467441459
,12,-5.14268221924931,2.72470995758204,10.4632343966018,9.68664475065816,9.43853460830405,8.82872602408861,11.1157682155467,12.5049215390231,10.4643614816873,8.66689119006969,4.8329888869057,-0.377676531922134,-8.92631975301174,-1.50877347551523,0.230081758526467,6.40970656915852,5.3960679841698,-2.95347497673538,8.44823591001114,4.56464855980221,6.47033793522269,12.4071840552569,9.15045411451911,-4.18865764923657,-2.8730468102176,2.78381833960975,1.20555049310815,3.69187351670689,3.95923811649618,4.34449610035335,7.11814711997977,7.64694271104645,8.1335675907776,3.63996189183308,8.64381558903187,-3.22829591272694,7.98937398826047,7.45593092693753,13.5009240941008,6.95270226656748,15.2767585077672,15.1704716923327,9.5332809546635,11.8620441780286,16.2751920982123,8.18378652055617,3.53099243961651,0.894406242429795,11.5025206091232,10.3338457448381,12.8612035399728,14.0028777236503,13.1869032550044,24.0693511243585,15.9217623969148,17.3296632699835,12.6951365273899,10.9895126154224,8.54976060234912,12.3823401642867,8.0986354583506,14.4593471185854,11.3687771179616,6.76474297240975,13.3575519848055,11.313074516916,0.118832741674851,5.28892957030439,11.1108001061111,6.72130629123512,2.08728138366905,1.5268108222167,-13.3524921920375,-9.23820103560138,-18.0759702129944,-13.5876563031456,-12.0266991480289,-6.96183316806491,-9.90523282802769,4.03572903345776,-9.68788255068512,-11.931545543187,-3.33695924921722,-16.3444872362011,-4.81925302578338,-0.809829446261119,2.35436673121603,-2.79824998904724,-0.721363369283608,1.79452325532839,-17.7001013921413,-12.2619055167002,-21.8320432161868,-3.14585552344624,-17.4388226231704,-25.1462442275988
,13,-12.9343375213057,-3.32452725963776,-7.34961264639787,-10.1283325566365,-4.13256586035004,-7.04640251979617,-7.15421976238576,-1.4379201116044,-5.10055192853406,-5.05929576910148,-8.80618095141745,5.76595539184473,-16.5855015397897,-12.672990358526,-19.3970493170295,-18.5119075331777,-11.7176887183778,-22.6461166927425,-11.0586951348832,-14.7566092567754,-15.2236196672502,-13.2907473124192,-15.162546081403,-11.7662926595526,-15.3528494887137,-17.6313597033377,-15.2709680962453,-18.2958727314131,-15.858844333668,-15.9615617922136,-15.6557908475997,-17.9648637789019,-20.0068476254255,-21.3012276431195,-17.5056288858823,-19.9742821787772,-4.44933953360305,-5.99731784592586,-4.96433811777888,-6.0835220899362,-7.38954553352733,-1.11966274723045,-16.6613442934386,-16.3077924918175,-5.90835685069305,-14.6494209117932,-18.4133323006718,-13.914531315047,-4.30677046405481,-2.87993430125562,-2.23426689618145,-5.73006028469854,-4.80030129259194,-3.1036901882494,-0.184224329678727,-4.13907595164255,-6.6504801804158,-8.62468745370143,-7.34774036470481,-6.71095949077244,-8.74219878896338,2.70470140849056,-6.95856029347033,-7.18868940536731,1.97000042213313,-5.29818519490891,-13.9278323617368,-15.1024910772094,-10.4948020484803,-13.9675653325271,-10.8080327768262,-10.0230604185117,-21.815942644505,-21.7780133680217,-31.6367545114003,-29.6535182923071,-26.1195850084687,-26.9274955621113,-28.3165259930356,-23.3458861602394,-30.5418150691703,-29.9410271227093,-16.5926739452916,-23.0549376242843,-15.1122613726234,-7.45941731733501,-10.4975390918512,-10.4246300248692,-8.37808908282977,-11.7020372898919,-28.2325473263918,-30.2547224036598,-32.2522661701964,-20.417188119729,-28.8034653481427,-26.5409686693115
,14,-9.48747126972285,5.50662825641211,4.04458091891956,3.74601197333732,9.40117958966675,12.5430087756836,10.4846642584416,9.21257556383443,12.4066438083619,2.0095097706635,3.13477416128308,22.6226364232707,-13.5825281898979,-7.58923645955838,-7.29380624674468,-3.07894338814594,1.37595817405645,-15.1823027079872,1.95421063976391,5.85588675772578,1.18902578155667,1.65428534979173,2.53388810324986,-4.27856533562272,-2.58138220060437,-2.20260360736756,-2.35538950900036,-5.2144700631211,-2.0522819501889,0.484304805152533,-0.47988880901903,-2.77592987400749,1.36609485581903,-5.43067915786423,-6.60029709968876,-6.7519261655566,3.39467668305133,9.07333016591338,10.7591399559979,6.39323753438248,8.36520539166304,8.34102099418988,4.79153736278249,1.77609986925563,1.53701173683294,-2.91292241984047,-2.22456625861014,-4.16885589321555,7.73765293605447,5.40964607361866,11.1022101538338,3.74426444120627,6.57778182812808,10.9294879090498,8.71144720219354,8.67299451653207,9.5213774666654,7.09301048143607,4.49073697924268,2.71944833248335,2.42749729670959,10.7462638872826,5.06391860126314,6.60576111639966,1.34835537759545,9.83417884819983,-0.936755688789162,-1.68751845860106,2.40395379932897,3.23928550957135,-5.77371015348763,-10.6360264086093,-14.4788588541151,-14.0611240469557,-17.5148968455951,-13.291379666588,-10.0710526689954,-10.5745298960283,-11.0136156474264,-21.2184462519317,-11.9103699268126,-12.8015608097426,-4.47970202529905,-18.4206820355203,-13.838308108031,-5.34078794175866,-5.77474047007354,-4.09029433311662,-5.57042315191802,-3.36427841637396,-14.1715723056323,-18.0542979152824,-2.51718806684448,16.0195479608947,-8.71391201682582,-6.11646028885571
,15,-16.2858399331162,-1.3743681978749,-6.64749478297017,-12.853253265248,1.39937457497217,-3.74323759397657,-2.05915937889768,3.51940754260249,-6.69863787451231,-1.44251468868561,-1.7944350686812,13.2776123795838,-17.6837973395623,-18.8756891484632,-20.0260019979164,-15.9912124973757,-16.7271304916426,-22.9193606755293,-14.4035806243833,-11.1822582743484,-10.6627548532238,-12.5336170042824,-12.1218822082024,-13.0021328609782,-20.6907450896156,-17.5628247370478,-23.3186683780805,-18.9254294715852,-15.6833346889707,-16.6708434013258,-17.2248352664574,-13.657987863553,-14.4371342764625,-13.1316999114065,-17.9022414776005,-14.1444337850567,-10.5988713006363,-11.4301020049788,-4.54296667718836,-11.0649260160208,-2.96298721660514,-11.265451086912,-10.8664266249307,-9.74421323627712,-10.7666458793474,-14.6445423535201,-11.8579006065893,-14.013833319887,-13.2417304862392,-5.83790341485474,-6.95479507506298,-14.021198837981,-10.9013084408975,-8.92837061690943,-4.58647192697526,-2.35122468674581,-1.824720076635,-8.95103546654855,-7.87521410984664,-5.07596892472793,-17.4933805916462,-6.24315829039915,-14.0958725602586,-10.0214758262373,-5.93037912183536,-3.91662557437121,-18.3407034189672,-14.960238746522,-16.1966141079301,-15.6790252182732,-11.4457383965705,-15.5528251427631,-13.378466197355,-14.3029957115582,-13.1658336089395,-14.8635237425169,-17.7017138623637,-18.6760286942003,-23.2913390268213,-28.6783055697515,-15.8393470524552,-7.70836366737058,9.53167775630391,-13.5823889469207,-19.5227848773811,-17.8704042260974,-20.2344265704692,-20.6858767601425,-19.3827247139907,-18.5206394412353,-14.4300026707342,-13.4448457038443,17.0912845623134,36.927615939373,17.2574944724133,19.2701021778812
,16,-23.276102995379,-9.02710644192575,-14.7736920845714,-17.0399630994298,-7.78140381786216,-6.001142211976,-3.62391980504071,-10.1334237512997,-7.10890657087475,-9.84576940610759,-11.5039534577195,14.3736332024541,-24.4347687843556,-26.1490502041765,-18.9253893842788,-23.6813068369565,-12.994129154135,-26.774009776504,-17.4540385603841,-15.8483362859124,-26.0992257287617,-16.3212115211818,-16.3643631455079,-20.7236409703637,-22.3133025119041,-17.3034190441495,-27.6241646180665,-27.2966687795242,-18.2286818625316,-18.1292075723159,-25.2894374491884,-22.5377271565812,-28.566660056837,-16.0974404656595,-27.8190789909941,-27.6980165649711,-8.32925230259252,-7.06044484574522,-3.41036611674144,-14.70447259808,-6.36113892408093,-7.95796398256243,-13.3884494761446,-17.3701531661932,-12.7089734482511,-19.4709378411922,-18.515401177488,-16.4810473497978,-10.4130618475883,-4.3316479577079,-7.52581118549506,-11.9213538740782,-6.33361687839715,-9.15642794950327,-11.347483657536,-10.8858186880102,-12.3109129466043,-21.8482771014988,-15.1237754470353,-15.3756990362558,-8.12529289594613,-9.51983054684115,-9.53980845766137,-13.0393648472773,-8.17099814346102,-7.81763481111057,-16.5494038333873,-20.3418784486398,-13.091917990389,-16.7180730667092,-17.5712056993866,-18.6115612996928,17.7614485770396,15.9660994145656,16.4766333245661,11.5519957161778,15.3785086708381,14.6030285150064,-10.3942440814822,-17.9567879453916,13.5029708165985,17.2110618525853,34.3141248999432,12.0663527084712,-19.1043886276734,-4.64635390180138,-10.2688117981243,-16.6148683122842,-12.6469572030724,-18.4646067176823,19.7784469954017,12.2394684222236,85.9804207563266,107.693844823143,80.4968447338711,73.9072794398639
,17,-29.4613814926997,-6.64717943653795,-16.4947407279192,-15.5587167994654,-9.91333836561853,-12.1842186951349,-2.13702747522029,-6.69753030321954,-11.4716288960817,-12.1719974574626,-11.5353678127713,2.13236533925874,-22.8370327318089,-25.9016551945415,-17.0077699247099,-19.4198273001844,-11.1108255938429,-22.1087028085517,-21.8679601081381,-20.1426811359893,-22.8289829150935,-26.387869418289,-18.6449864915021,-14.1934292845949,-22.001097332648,-24.6246021003967,-18.9796417919006,-21.1265163089338,-9.87595743100655,-10.0146887818696,-19.3001814004988,-19.2557048911399,-18.5350542261222,-15.2081076767727,-23.3145939436918,-19.2713373658871,-7.06969467413546,-11.9929327942691,-4.36424387479383,-13.8587278890323,-11.0306543957749,-9.37904720629194,-11.5569863968863,-15.2934071898094,-14.0556494909833,-23.780607791191,-9.04318837420578,-8.19220678473448,-9.26462903623587,-7.26556341920787,-6.11010932681074,-12.4747897362918,-13.2776030734376,-10.52599660753,-6.41983949933183,-8.63987336104219,-10.3990101841327,-19.9303197806198,-19.3468161477531,-18.9168700427595,-13.4754136616475,-7.1284130299864,-15.2855648961668,-14.2534130680906,-9.67099214441896,-6.52386571924626,-26.1245789968802,-26.7060912207903,-17.7784338391666,-19.9355062874192,-19.5938757157328,-13.727863752003,68.4216019786745,65.5074288823103,86.5788884521094,84.2110364039977,75.6300554773611,76.5532502346264,18.7382213942637,16.4805079559433,64.9563344141484,62.7155633778857,98.4376241108343,76.0733923362418,-17.0785501538994,-17.3523293640233,-14.5607050127528,-13.7491349991915,-22.140492396863,-15.4097012711454,82.2495954363785,83.1930516792359,231.540338603023,239.555160525348,196.60251724355,194.778173283597
,18,-29.1538452121126,-16.2277078819993,-18.0972207834093,-26.3793608708861,-5.19685986520699,-9.86392164729932,-4.81477972785251,-10.5552573740192,-11.9568514464781,-15.0239506651919,-12.7358640804268,4.2973273418329,-11.6175611080102,-20.4611056891999,-9.52947483656681,-11.4115611572283,9.21409485513414,-6.41446898456661,-12.2183856568781,-12.8954738150082,-21.4768316040654,-20.8916677671446,-12.7624921819643,-14.1564804507502,-12.3949156341259,-17.9871413653136,-12.7538741357525,-11.1844994735939,10.5048789536218,9.72019007525341,-22.9057882804118,-17.8008040742288,-8.24002528028905,-10.8749454722761,-11.657869967325,-7.43938033011545,-10.8688796895635,-14.0205620335287,-9.23549970863132,-16.7840399226166,-7.94381322322351,-10.0501461917843,-10.9085083528162,-8.03638261574406,-11.0773614213726,-16.3265199310531,11.2353604756436,11.9923626481732,-10.2171831584692,-10.2377369320579,-10.9369339456252,-15.1162809520201,-12.6757281677601,-18.7813841567049,-13.1890029810202,-19.9702849513765,-8.46069213167948,-17.9717959033896,-22.0823917268576,-20.6959703496009,-9.50692613443971,-7.79909874945406,-14.761436033411,-15.2837912846953,-9.76497506603891,-10.1190785368926,-21.4513637470718,-17.5873881676171,-14.933449698553,-22.1134858628457,-7.66956853723605,-10.6573225271964,171.986592225298,178.718385266774,222.229655136961,208.012682810603,198.631844229869,198.504961303045,73.4630818817509,73.0127866944845,180.052516465359,175.149864192882,212.863809853169,200.226307073739,-14.4088604343633,-16.3094070280704,-6.44429093716235,-2.3000495529609,-22.7348980064717,-22.8027422200053,230.26092330726,214.766295813197,478.820088493059,480.445043473247,423.236155896039,414.084073475063
,19,-13.0210968541737,-16.1353573548545,-19.5026907562942,-19.6937524826108,-16.2664431509766,-13.4718887893246,-11.6997383016733,-9.02429555454501,-14.2688025522857,-20.1372194448441,-8.9437555884997,1.62461948048622,-3.27707899633197,-4.22968739708222,11.2628570118422,13.2359448483649,37.0292144915475,19.0182896181509,-16.3967211169766,-11.6957303092877,-18.6670292755302,-17.8545063289794,-8.8127584593999,-4.53754921820837,-6.49545968835673,-8.14173724079228,8.35112169273725,14.7263780141393,43.3444422975367,42.9385599627158,-14.0775435891519,-7.18463037109768,5.09101205839079,9.91387543237033,11.3528281646659,7.2956994856545,-7.25467711686724,-11.1982110638805,-9.44018319358202,-16.5814017966386,-14.5980100118882,-17.2808961869869,2.0689222006099,2.64926580496422,-7.50842730437216,-18.2447200924571,49.3479029099435,43.0584563917205,-14.7194080045438,-9.60834779701054,-14.8694804977449,-19.0610871171593,-12.5211522305599,-11.7391051221489,-15.4516186942124,-18.8542262429851,-14.6979792154284,-24.661519428395,-20.4952779994046,-20.5699446117105,-15.4743035835436,-13.4122510489437,-13.8305393571582,-14.2244066433341,-14.3278355400948,-14.6093684295902,-4.90986536655555,-5.36564230059685,-20.999828898171,-23.7405894531785,8.93249732545564,11.7195175786701,368.201083397455,377.927790462178,466.85508322032,441.68136119849,408.209552050781,421.136802269298,186.216762559021,191.109099870168,384.82700809603,371.242349172234,413.683261228919,425.847312309994,-14.4469625040856,-15.2930886762178,10.4648809307473,9.87134628574449,-20.8468822385548,-18.3545591632501,488.166824724193,450.044064994655,879.316674041238,835.381309177485,793.174696295111,761.067662124025
,20,0.799772656852383,-2.98838455895157,-3.66210745168655,0.494184521560328,2.56902822835445,3.13868349964059,16.6702087867857,9.21400500703794,11.7861797466508,-0.130444659261229,4.59225256304808,8.06381171486782,22.7437141466626,28.4188741460644,70.7397154462683,69.5111987311725,116.016337473962,88.4714981999364,25.9949900054794,26.7679258923476,15.7817160167642,10.9730523552576,22.1620742440555,23.679803570642,26.0993035584261,32.9863375985842,80.7059357058001,78.4028639337002,125.370930700171,129.248139510424,30.2010673741966,29.7074820074577,66.4909899762333,62.407221197268,77.9122931808047,76.1195842533107,3.95731831817056,12.3400223856765,9.77060788937888,0.235385627276173,7.25857560153645,6.10313808823366,42.6118001054183,46.1726603535494,23.7689869894307,8.32196681465848,128.566349828511,119.382709609025,4.99014675873923,2.90345800442219,9.47083265510082,2.71976707880958,5.03790551582824,-5.11389436418995,4.21348868392079,5.80544025617883,12.3469391537856,7.8061393629846,-2.76400594880079,-0.225791382582429,-1.56682280267887,-0.819737053951485,4.25525427841512,1.78146798634725,6.26793327213454,1.59188416883489,22.2542746207382,26.4152109591014,0.813887403834087,4.82641401522915,51.6680702060639,55.2622002142443,666.311916617069,681.149390617304,804.466321520994,772.674652088508,728.162589763827,744.219881172978,372.460649225594,405.619738627356,665.856252964706,653.288894731991,694.21203541498,727.565483321915,4.02293646259477,-0.0410718047583032,54.0320369404844,50.2916143663142,-6.06172685345609,-1.5218742449747,857.894409686809,764.675198870924,1360.45278727998,1252.54002631489,1185.50597770586,1146.16145777519
,21,3.36627612703251,-9.43001981478392,-15.2823318422875,-13.155455553198,-10.2776005505111,-11.8935000151246,-4.25486967825145,-12.8765193568174,-16.8291711063303,-11.8969777015323,-9.84716164921292,-3.31244106986833,71.4076675177043,71.3962151781925,154.581856529547,197.597435715081,221.181167166675,195.788448005633,45.8296306857087,45.0010801787189,14.5425387969199,12.4184172562937,40.923327250568,47.2178235047254,63.2267662170229,59.8116480126914,162.125226416774,170.359618915053,253.212028610229,258.992259532985,64.5400225029298,54.2015666445927,131.790049229953,125.175964839499,153.523520104299,154.706630573532,-10.3327861805597,-10.1281492105136,-8.91594600954659,-12.9700704384927,-12.895399344553,-19.1762691813951,79.7177640490231,77.5055785455202,31.3709637898014,19.3875051933965,251.163836765903,252.901724627405,-12.3549628997494,-13.3327016942926,-13.1669633146371,-18.0493588833228,-3.16921030213234,-16.842802874095,-11.8000227045322,-13.9537376814619,-9.91492199856884,-23.2030891434051,-10.0375710537824,-17.9775843521852,-11.2428354245908,-6.91979503602897,-8.82610763673119,-9.47635453271823,-11.0720491843153,-10.7594706433879,62.3203019237312,63.3581732100738,-8.72470993067191,-8.40830081392915,108.764258547696,112.442136563436,1118.96918546965,1137.10329698824,1312.72908569526,1257.33307406478,1189.63448386794,1209.61140860804,683.365642313273,762.731605521141,1077.40260670844,1066.41974596106,1100.98851736076,1178.04590781271,21.5696120322145,14.6831459016125,106.676841725603,115.863434395765,0.478159697764568,-3.33168432925186,1400.73411593554,1221.42122277298,1980.04647585514,1796.4758962552,1825.20100527923,1764.08124205461
,22,8.49713477496152,-5.68468198025994,-6.12084837572729,-8.05974937513292,-13.0417380819317,-3.21251816346285,-7.56536855186687,-11.4253496670376,-11.3092971246829,-7.74514571937016,-8.55194898479931,2.75485565598638,175.250829769015,179.29093382988,321.295257640695,351.315158003945,440.223794382177,394.073480931525,119.567671214147,128.045833429415,60.4502356740136,62.8259679555113,115.046782259373,103.784279553237,145.213257978035,152.079545442732,342.097545033407,364.562719281762,495.89114417018,497.633776075782,155.647111520256,153.879107020992,281.223843524504,268.634008790355,333.127871175501,328.717554603424,-13.6598686969764,-6.13789299928112,-12.9476048413098,-10.8893581825359,-12.5710768633062,-14.1570740972088,179.364302146687,178.686058619843,79.4961636873845,57.5962346202941,471.094025545047,488.142279307376,-10.8114705426215,-13.453269569392,0.866486918098872,-14.9095322206454,-11.256528347029,-13.7699682031425,-9.18661578446745,-1.16698634030081,-10.9086604481672,-18.6698634971053,-3.52271050226591,-3.99810976332856,-7.09075370642495,-13.2051081800737,-13.8375712850939,-17.7494894528481,-6.54050097737263,-11.7272279958192,152.243219291389,153.441123834559,14.1113489560857,20.5627273943173,230.923058519572,237.708407847459,1669.07717099913,1696.89233665747,1928.46876525634,1847.61075087339,1785.87833069909,1819.04472936353,1040.56655127955,1197.14575267698,1622.94967292603,1615.153401171,1655.61818883722,1783.90514359375,63.9321555351771,57.2987161040214,240.314851599229,246.656376403086,22.4368436498548,19.9777523487346,2048.4793097493,1778.2394718377,2820.35431918836,2528.49046355527,2610.38112870037,2526.21020270269
,23,25.1398894708973,7.02376648033351,-11.4333929186037,-4.92471061793412,-9.47128683275878,-7.45431229654741,-13.0852840408706,-16.5616635858069,-24.560155830869,-17.2901538711117,-15.5004475197734,-10.0805683926492,369.297207254579,367.438870547265,606.642323083947,647.272805932625,779.623184556977,710.177051221326,253.488306274773,265.951992037528,150.835328153305,154.279527660147,248.065137142448,235.400697775767,303.446317714376,318.187141177786,642.372323324903,676.269480766366,853.326557494183,875.96492475394,336.892261479941,309.506945507534,541.995920186649,516.675673290923,617.01434678811,614.382351902376,-9.98428272285946,-7.36547194864897,-5.9643435542398,-19.995157206703,-18.307729593168,-14.1092160184376,348.07946870852,347.830410312578,169.917224684762,153.321228760468,809.210574947265,836.231923385067,-11.7409552935969,-10.0013354516441,-0.519080595417563,-10.2467535005171,-8.90859997814778,-11.1853067212855,-0.449596127546556,1.12839714106485,-6.47626865849634,-18.5273499967293,11.0490223432157,15.4336152101478,-5.01705663756729,-12.5641018764741,-14.6168193335525,-7.96448580209471,-6.44057881561776,-6.82078627625197,326.73008916891,322.846085846278,55.3995586541337,59.8891647368732,447.373526301729,466.821226980022,2360.71367246004,2403.97987037824,2723.16400732837,2612.53679103131,2530.89332945266,2585.32834429645,1547.30935857132,1789.27312069635,2301.96385023108,2297.06486636315,2329.06810945925,2528.25787654574,143.647934242219,129.800683867076,473.751364664476,491.127352678721,67.5931318875009,65.9318737683029,2883.05408531743,2479.57998368341,3841.60439951352,3398.52727243797,3563.84182119897,3451.55847683709
,24,58.2166387419747,44.4331338110856,22.7959489813306,20.6107998720777,14.5807631339699,9.8127732030016,-0.541933226532819,-11.8484651528656,-14.6327730086555,-10.6246056798846,-12.191356084234,-6.84969590440733,675.439362059758,670.023912944491,963.853695130596,1029.79336424242,1174.93115426166,1084.14741496608,477.646685919382,501.941579909229,328.696452925351,322.404754210446,487.71181045915,443.834268024266,585.393398152371,599.716997017155,1031.02075004683,1087.83641459416,1309.86233606802,1348.44722066022,643.678928315436,594.42375372471,898.397215216342,869.440199606587,984.659498138682,964.761353328044,5.56558749870055,3.77736983640534,11.2737223153049,-0.852539506757694,-7.17624621364803,2.86004619406776,630.757414491116,630.793766811381,339.322679104687,320.605168965984,1249.02132160341,1300.48958657227,-2.44185479088037,2.34000648922847,33.3772173735397,16.6199779170893,10.7253883803473,16.627344145797,38.4041817043908,46.542197602148,12.7744937928305,0.703487122704701,65.4234938029877,65.705049054593,1.51653504930891,-3.79608762754378,1.69401806143196,4.08471280335334,10.6991814304351,12.5733490262733,604.560170506752,605.319669262046,141.603757815164,141.477760100578,775.855969467741,810.174380228676,3257.15258992994,3320.27640811969,3723.51910551008,3581.23485679846,3482.31284155779,3560.79869455066,2172.53695065868,2544.99435728675,3160.09254828949,3162.30576272315,3163.43764147917,3466.34514924561,291.071526404192,286.507122573293,832.507610369999,868.187868131095,159.676151104259,162.126099152681,3955.03457111448,3357.14346744068,4992.27924030145,4363.91217277764,4667.81878464964,4513.49980261737
,25,119.864895041744,106.22216564797,59.742789541096,65.8872532738069,35.6729990537992,37.0525648248636,-12.9735287087328,-19.7156193703227,-15.815717314058,-11.2825431938008,-17.5726921154123,-5.72454777699795,1100.60503914503,1077.8305261224,1440.49777128105,1544.54394024501,1750.97631096363,1623.10252768687,806.778820795923,861.096305569054,602.582338404649,611.422977627538,855.516811840268,762.855877428556,994.44879229248,1021.11601724844,1544.70476896763,1626.38868554816,1884.60480516436,1942.46127692114,1059.71148180699,984.877775515283,1361.28759145274,1322.60557801083,1470.15549136007,1438.42373662863,5.98403099061125,2.02549925108724,23.8179986980399,14.9521087430667,6.83040877994699,3.68619646694196,1017.54057583402,1006.15078993246,628.556883778167,595.741815560878,1814.39522578978,1893.8278591179,14.7303839927531,3.13900938408869,71.0440753248608,56.1294786266562,36.4844153145796,42.6481441264282,89.5839745608496,94.724311353898,28.9857654098705,16.8031609952081,148.593901733544,150.239471251814,12.3199632883775,11.5810178795809,11.4835830079269,12.2286473743939,28.0324013669951,35.3953399491907,1019.67010820291,1000.4802162628,290.527703675225,303.897062975155,1226.92885929789,1280.7449484334,4279.07335845946,4365.81039474449,4829.74691405932,4655.7659092709,4542.4483899967,4649.62006853429,2931.46423621128,3492.38493502726,4113.79683827441,4139.86710283676,4074.10958024396,4502.61580483016,566.946518554508,567.116453182142,1287.7684504545,1376.39029747445,325.796108341942,345.118285226636,5151.32660329158,4303.42967615142,6154.9983727074,5327.50498501661,5785.33622720103,5585.36349915341
,26,232.025686043864,232.731188459683,154.404989983701,159.861392558511,107.382874769191,112.031372409844,2.81372193865127,-5.65979070357025,-8.53413349670518,2.80647890428327,-3.12122376311891,-3.7308989506455,1558.1608934609,1544.88469371381,2028.26373910771,2178.29131459887,2448.40545864677,2273.33299042955,1192.47132930263,1265.13097677205,959.789396077624,965.24328095035,1264.41780417723,1129.13863208346,1441.11556838166,1479.88270815883,2178.37933402098,2288.90149513705,2624.45265429504,2706.93838071382,1538.75516703534,1430.9258477979,1928.82507280085,1873.92454548807,2063.2953533095,2012.01878552882,43.5869021722515,40.4659221756774,77.2252768939134,61.5630974437772,58.0748117009889,53.1841832446498,1489.01353071122,1481.16470449004,974.943588572193,942.149853572054,2534.6312037599,2651.53502244707,46.7400192375571,44.3551037322691,159.497759473767,148.804430171382,105.8929766412,127.450393791465,211.4913284325,230.959427036484,97.4043919190622,80.8927466062346,315.201083918033,323.45599642988,47.0442567744981,40.4963717952214,56.6953377050472,53.3625984428709,90.8570101782248,92.5109987767855,1479.942060584,1461.70265617404,564.594736423811,581.116333758534,1758.66564012177,1828.26821750664,5318.06049025845,5428.54892443467,5935.83962504204,5733.07584364536,5612.60943277899,5744.72942932076,3752.73791717403,4560.02500585139,5080.64149757906,5133.29872200015,4980.19972557965,5535.91928203048,950.838509432655,970.636430801855,1806.5623982181,1944.07380961647,619.463508910551,658.092516663105,6347.14296891313,5239.61782979521,7251.38228886159,6233.44407194064,6841.29003255003,6588.41244352163
,27,411.423626024572,412.361098422009,322.441926178369,329.773060191178,230.030828593973,232.362418348994,29.1616568123168,19.876798699006,27.3557470987867,19.5833744322026,9.30058577657837,3.53863068896135,2164.23495423318,2153.1138592398,2778.92066101723,2986.34333328674,3312.70493984623,3086.11697252899,1697.5284863684,1799.28227520627,1396.11046392898,1402.48406450412,1797.25321618292,1600.86241990103,2025.2549537518,2076.81846808266,2981.09602344729,3137.83311231337,3532.94946887247,3647.91190829139,2167.03027609219,2016.14607220942,2661.7684399139,2589.82104954534,2817.29335124919,2743.32620716006,102.396169024523,109.248924412038,170.255137691824,155.039211945271,139.003082257603,138.215216795689,2102.83065245118,2094.36906734236,1420.34322649022,1385.44079175717,3403.02518220011,3563.06479407178,123.038460816186,117.030705506223,332.078740003398,316.445581201242,219.667207571285,269.64295398772,410.900817280575,426.280693494244,213.949122521546,198.916113021338,554.263536682668,565.789842063903,116.382436851977,110.359798817705,145.827210501749,137.023296320864,198.613335825725,201.155121825389,2075.64471911596,2062.45668494872,922.960843385245,932.117686675276,2450.76977949313,2546.86710267118,6299.26055637292,6429.68763991248,6976.52710830734,6749.63300484517,6630.31309471737,6787.95358464376,4586.18126302033,5659.46559209279,6014.91785982916,6095.22455672895,5849.89801080995,6521.46568125982,1346.32110459078,1386.64353659953,2462.82728915393,2671.86655716694,984.653721668414,1046.63605822837,7484.11296598744,6125.72347401807,8261.52918812058,7063.16993296715,7814.50340920402,7505.14550062918
,28,711.032515347964,712.530916118581,576.33161055349,595.960362747546,426.492779346183,430.751680128367,57.203433359186,52.2726561828558,59.1933877840142,51.9720175796124,32.8650640685369,3.91899487561386,2969.1793976452,2950.57464049613,3671.56129277802,3948.49672221128,4287.84932979777,4013.33919619865,2359.51067817432,2507.21312692686,1973.05650063228,1987.29870153406,2506.290661099,2228.79326245811,2807.48978916457,2872.54570886038,3939.60982610823,4139.15714296034,4546.71810919615,4697.85893026164,2996.30497229994,2783.74199682493,3548.06413801538,3475.52180286574,3695.2455457085,3604.9889093736,198.439513373214,217.829186353541,328.357196917868,302.915871009099,275.46291544901,275.438858970615,2899.32490840204,2888.60347040292,2007.37120240445,1968.04233912601,4349.52630690995,4562.33206609634,239.935325258962,231.710910581688,580.536644765842,574.041100662759,400.276936144253,497.96639186415,708.636444674137,735.676052247207,400.784500962019,381.079714443726,880.98148630659,905.871658917458,214.215039728328,216.301309383943,271.193055747466,266.040983665464,378.632376820594,380.261913668449,2865.32436270714,2848.58226593634,1400.18807928579,1411.2180333923,3320.94145048874,3466.02648663872,7245.69640614996,7401.04565307866,7974.47674195595,7719.02784158112,7593.1811038153,7777.88254182216,5402.52996900439,6737.77763920207,6900.67144027271,7006.83232729042,6672.58332879202,7443.0606170117,1890.00397109295,1956.73511790562,3306.57093257535,3619.34427958996,1459.22995368127,1552.9814320361,8546.57219792538,6954.61915307926,9183.50526814044,7827.11222274885,8713.37981905568,8350.60201654097
,29,1117.00433258539,1101.12109246045,930.485962462953,954.368507317017,714.911055789675,721.650583633316,89.5337003116324,78.2577263762955,98.4621720720324,74.0208907984374,35.5347980139454,6.9315835404791,3975.82357623789,3918.22524627875,4652.39948511394,5005.24687538832,5329.65584831257,5013.58164216677,3197.50199576536,3421.38780489354,2751.42854928807,2783.92242660745,3434.94354026658,3054.18919620577,3818.46110707337,3879.85671506158,4981.95659214111,5234.57402726131,5622.21661530486,5815.85747894392,4026.08275201239,3740.20495943812,4532.29259691538,4478.39785481936,4651.93999607198,4548.5799490267,387.072728751963,400.452935705271,588.209675541781,547.113146114712,502.447096704903,490.792640235356,3862.60866071412,3847.49789178695,2795.23363864654,2754.97415493764,5345.56550220875,5617.17233681921,445.898612581868,441.623216215279,952.168499851787,941.74494297849,682.582881986648,841.405586073345,1096.01534716323,1126.99778463632,682.942740914658,665.873240301401,1360.05324332427,1392.98117858152,409.393370068096,418.341961634099,512.676586293047,497.440022202799,670.955411816029,669.977593865255,3851.47642378713,3823.46080658983,2025.35638632639,2034.7627744673,4334.65926178087,4552.23285957649,8175.4342684596,8343.12567837421,8933.25851229772,8642.90489896856,8520.14160008413,8733.97297601356,6216.66553202119,7801.0148399562,7752.12573525828,7885.4328717883,7473.39282181251,8342.50701924226,2639.5291881856,2748.66049630608,4299.55681161516,4755.20930825715,2093.02455688642,2227.56141607606,9568.41381392791,7751.23822941746,10053.4613934359,8552.21150289382,9583.30943197732,9164.88782850621
,30,1739.41074956341,1711.83853601075,1439.94406994334,1476.36191993427,1132.38937876164,1133.71001153869,164.323257478466,152.78782507224,173.932302485603,131.667003356421,63.195772530325,37.3131224287508,5034.09346506332,4935.0745077208,5633.27359154763,6061.11116835763,6354.79363542097,5998.35813050514,4105.10503648663,4412.55174914299,3661.65264081585,3720.5564101442,4451.44250608161,3967.16869669326,4912.55573430727,4967.72750557696,6027.00471136771,6322.02340285762,6669.08371782969,6907.80295879728,5124.65699155976,4756.89025263565,5523.87070950341,5498.20477254019,5594.97525874259,5481.8765742664,685.511272613272,692.132291359301,980.236638340372,909.13321662871,850.106106361292,838.821358430698,4877.4792376951,4861.23899816468,3707.455957329,3669.13565948696,6310.12890201459,6632.32077835079,801.715938019388,788.323421362216,1450.00844119527,1447.17542455758,1057.88356182077,1318.97842308998,1679.73361316342,1727.13634743452,1091.70110728286,1067.09392494415,1963.66040498407,2010.7285981059,737.051776925731,759.576237295379,872.521808087755,871.542490445672,1094.91439526061,1099.1229589088,4907.23097332801,4872.06871609089,2839.9773378862,2839.21612996149,5387.36316446864,5683.59631842895,9049.71153479361,9224.89024778159,9829.32710962805,9502.6469083861,9368.48292877513,9611.55375229045,6971.08940562981,8786.74009855952,8534.41253833633,8690.18503485952,8211.56211798369,9160.4305169274,3564.16709577842,3730.73929859962,5329.16719183404,5944.01859243124,2918.36985623668,3106.03908023141,10495.0235328442,8470.78078581036,10834.9049956764,9209.64980462521,10359.6487915303,9907.36028769422
,31,2509.91126177694,2458.15034876903,2086.71770262178,2141.1471235392,1712.47396765171,1714.99205764564,303.479083475359,308.350717436485,338.231076859114,265.851777517367,144.03815849597,124.215824831593,6077.75107060296,5934.49298642195,6569.96265741207,7070.52269571419,7318.63525350107,6931.81324718344,5040.14858805053,5423.91857162362,4632.29432770504,4720.95932735994,5501.12823214468,4907.38237243124,6014.82134499687,6061.78246907871,7014.8491533934,7365.50504223977,7653.31923191972,7939.447755721,6221.47248435267,5776.02395544701,6491.59223648486,6486.23721587627,6505.79838463022,6367.51007992114,1069.38757750068,1065.55672888709,1461.00678210538,1365.8270879357,1296.19779385963,1285.66407851595,5894.32343640195,5868.9659866181,4674.90840544827,4645.51125105875,7219.04958120152,7582.35683196184,1245.97302978617,1217.15020561887,2073.68481358164,2082.23225215023,1565.56709479554,1922.62891443508,2408.72845459933,2463.75916238038,1623.02707610046,1586.26063945607,2734.62630856009,2802.89284037046,1139.84149542051,1189.71923509386,1315.52624636556,1327.76214460609,1612.53610402179,1619.54815613425,5958.3114435031,5927.13356860961,3834.87362176642,3815.75643277291,6424.95875614901,6787.69821542392,9833.71516885913,10002.1200539493,10633.0689478285,10268.8695699665,10133.7535749039,10398.5523555502,7669.0749353495,9700.28241790686,9249.72386612627,9413.8201268693,8884.73676395814,9907.5768973087,4555.18981914009,4793.05684039454,6319.34686269537,7093.44066697923,3912.35389974073,4167.82861223473,11335.5770058288,9123.82648030116,11538.700851849,9800.20958221483,11062.1621228642,10566.9659403949
,32,3462.92654616052,3369.90260899915,2909.95556104905,2991.09730633286,2436.81037421305,2436.56467235374,540.460847391053,558.859716697573,596.833050016366,482.654718720777,277.60941380561,286.257054961239,7033.63359981818,6859.95691643423,7421.97645169896,7986.46172926434,8194.16629995617,7774.62493822733,5936.83960456834,6376.47624278765,5585.0430930368,5695.17676183519,6500.14359565298,5799.83586012132,7037.89440310535,7086.98328268832,7914.18022257048,8312.2503737423,8544.23857415661,8873.0327717019,7247.76040133728,6729.24949512169,7385.68169576466,7397.36692540197,7334.10921186746,7167.91723158318,1581.77729339646,1574.45632945261,2083.06661884647,1959.14558945301,1872.16659679581,1861.60854963354,6840.04665776609,6811.97966188685,5620.41961565015,5597.04621754316,8046.01152837386,8431.25815598225,1790.60354615898,1781.65926349144,2871.93245483293,2896.64050250263,2207.93405159193,2704.60131949245,3317.08308703322,3373.16993599898,2296.19872667957,2251.31703560478,3622.10726754101,3709.4166956666,1667.00606065138,1734.34722624747,1876.19745223062,1897.27154452591,2271.32076494614,2287.51928135937,6942.87426272819,6921.53937724898,4900.95612632365,4855.94731675047,7382.85454690906,7803.39720361418,10512.8516903036,10680.5759197351,11343.3084576451,10946.7607076519,10805.8778558374,11089.7274956132,8285.69960870433,10509.5294601534,9883.5726366291,10054.344716548,9480.25105391429,10557.035225118,5528.08718075164,5838.74728706034,7225.1647878706,8146.12432937812,4957.21247256374,5281.71962827454,12067.6141966945,9693.07917783059,12165.7632086953,10325.2069633066,11677.5466703359,11144.6704857862
,33,4539.96518168694,4376.51661295193,3877.12478062892,3994.87605034514,3324.80152269258,3330.10766880769,871.872075112679,894.782766654727,931.922604283372,786.670770577608,502.377759146539,550.798934224184,7904.22969319865,7702.9738679111,8192.10731844635,8811.26647933582,8982.6463786632,8533.34889190264,6786.23263728476,7257.7988077742,6484.23723231653,6623.34351095625,7432.73316280657,6624.62269443347,7990.37129149505,8038.71876688704,8728.15093068315,9177.9202374242,9347.62716824677,9716.4573941397,8190.56109626934,7607.81747904631,8203.21929605415,8229.22374444766,8092.16094900954,7892.64749940779,2237.48695215517,2220.55970091134,2893.14446559488,2732.00860999636,2631.02336596067,2618.99526426098,7719.29342498748,7685.5782328564,6513.0201866901,6502.90833328193,8781.93591821202,9197.53009485576,2505.9367789596,2496.29246762662,3813.40118700912,3878.33219435121,3011.58962683028,3665.11250108149,4345.31235467299,4390.23624687482,3157.23617852087,3099.65997097104,4560.62461925878,4657.80269786075,2324.72356900274,2423.82855672079,2598.65984178391,2643.24092234977,3111.09233279471,3140.33694161483,7852.93525109751,7842.26091699483,5974.84396331924,5900.63941987519,8262.79672405496,8727.23280833537,11118.7506870948,11281.3663599389,11973.5727491522,11552.1015498492,11411.0820598029,11703.5843212541,8846.71823102319,11240.4485819886,10452.1481954906,10627.265464345,10010.7313959378,11137.5550717837,6456.13487487553,6833.67732240338,8050.52825062689,9100.496564883,5994.7998628318,6386.84656787366,12722.6804730194,10206.3510019159,12723.8166335019,10786.4064218002,12230.9598918382,11653.3706198535
,34,5646.91259829621,5404.25616102981,4897.21585637551,5056.23839414176,4303.63175087794,4312.79343672437,1317.8575265683,1345.17576818675,1412.49696380857,1204.71956524343,808.575446220957,887.965766925467,8685.09714963865,8468.92146938629,8883.23437470215,9554.80112162158,9697.68833393953,9214.9428120191,7570.29920775378,8067.47580742006,7318.13045099444,7485.14382257829,8287.19147519562,7381.33699358714,8849.97703546866,8904.04661776112,9466.0901249511,9955.09753820035,10072.6787961524,10471.3847420194,9051.54229877927,8405.64118278623,8945.18923802365,8984.15567457045,8772.33727510687,8549.96051954531,3075.43537136327,3039.7232431875,3861.0821904157,3664.97534508339,3554.18952711585,3540.74796774444,8510.01741595178,8485.1740254244,7342.40491084136,7339.74994507952,9448.49417259068,9883.58020977656,3411.20561545202,3399.63025452254,4814.81552156973,4926.26931052451,3896.98488410593,4710.47630137689,5401.40284089106,5439.68350882456,4141.02124617893,4072.19628117668,5492.53877146148,5591.36871366784,3156.60925583177,3300.97686722018,3480.47695947322,3567.30784317654,4091.1058926574,4139.10986874564,8683.2037802509,8687.95787426883,7004.8279027844,6897.55479241997,9062.6921617729,9565.06703736584,11656.8838729808,11817.7001226363,12541.3035028621,12086.818363467,11948.4260537193,12255.380378005,9349.91855513113,11893.8085001143,10961.66977777,11143.2826230632,10484.8590546891,11651.676926385,7310.7323087316,7746.68294637764,8790.34818529961,9959.1341060675,6970.82352392554,7431.3945718385,13304.3066775226,10657.3435616037,13224.7920281289,11199.11360348,12726.8374081616,12108.3318754239
,35,6722.49854816483,6402.71922748484,5909.30419044206,6106.93584264011,5303.97029484122,5323.02551746051,1900.22430928598,1935.39743643605,2026.39011352727,1751.51211372585,1242.84802575594,1377.93372331679,9388.92506181383,9156.93293320628,9503.61860042372,10223.0370258566,10338.6031331934,9830.15009567543,8291.12218878458,8798.93163741758,8077.52143189945,8278.43140778429,9060.77030091576,8064.07402438571,9633.76870992087,9688.22981251709,10122.9657751892,10657.6122819245,10723.0913212131,11148.7075263576,9830.31362716017,9127.53659857261,9609.61089298987,9659.60128938417,9389.55237694701,9138.36123596182,4046.97547741289,3981.86657295386,4890.07727553946,4661.92036616162,4556.02044029038,4545.10437546678,9236.23842750412,9205.18622682864,8095.11353773646,8095.96709232183,10044.8745244757,10496.4363401117,4431.07446136557,4435.46056008264,5801.2749971186,5966.41705211438,4801.78863346886,5765.51530684248,6428.59418589774,6458.67013983386,5171.73055989878,5088.27010201974,6382.83974809302,6475.33212849508,4113.07838234418,4306.22258103278,4434.6361012306,4588.81715088731,5117.18442826087,5184.38630289518,9428.11832335474,9457.95437627095,7963.25034146204,7826.23674902787,9787.92683787198,10321.269062208,12146.6467899936,12295.9017888023,13049.1615875472,12567.9881584789,12431.0775906806,12745.6560855237,9803.897492567,12483.2056931405,11421.1481219816,11599.5709544203,10911.8063829243,12118.6213801929,8091.02122778949,8577.85060158067,9452.45261095415,10731.2485719255,7867.34151032306,8391.810075116,13828.3468554666,11065.8135042809,13668.9868961789,11566.1796740166,13168.1538109844,12517.5311915102
,36,7732.37728344847,7347.32187083013,6871.41504276607,7111.39061330598,6277.39328342793,6302.97073665912,2671.35460138272,2704.83066309042,2811.45489881185,2474.45409796106,1800.42372738675,2012.25657695905,10030.4950631281,9780.42293062821,10064.8980397413,10825.2319564395,10914.703019935,10384.4500428212,8951.89148936925,9460.99889417508,8767.58780324996,8995.39271742825,9765.95857463522,8682.68211716294,10330.4549149927,10394.2809257029,10714.9438718318,11287.1032626432,11313.8654957332,11755.8984728231,10529.5941738866,9778.17791414148,10210.072370012,10272.1357027565,9946.37415545943,9665.25404686808,5052.15447965718,4962.88875817838,5922.87769443977,5662.24218137043,5566.9801362006,5562.08305463906,9887.39496844166,9855.79147338552,8781.25599879884,8779.17453646707,10588.2173958373,11042.0990842746,5491.72214442698,5500.76642457304,6749.58945931457,6956.52757427546,5679.23284223636,6786.50235787086,7394.45486630851,7423.77278321766,6187.59127021097,6087.9668136457,7213.33507401922,7297.70769380658,5108.27273124343,5349.79883217538,5404.84665197331,5633.0595398919,6133.53156770013,6219.79321980615,10102.0771518913,10157.2378080825,8845.02996392645,8679.99334585269,10440.9887988367,11003.2858288123,12582.1310384367,12729.5263111416,13522.3802549773,13004.6902424808,12864.8331651937,13190.3480487203,10212.7686093384,13008.1538392073,11833.4119279742,12010.6587731727,11302.5755217802,12540.5630666811,8791.91374558218,9334.64241594748,10050.3642355092,11422.0646733044,8683.11776362152,9271.26212183474,14295.01328257,11427.6767821702,14069.0000806539,11896.916234961,13570.2753262666,12880.894560907
,37,8617.17121252361,8185.11675462009,7740.22227441492,8017.33684627299,7158.23026979279,7204.15254273037,3565.0343252542,3593.81246987455,3687.80972403014,3331.24470008864,2505.63359787869,2807.21810620164,10575.822478073,10323.7922921991,10563.8853231192,11349.7287537996,11422.2040198516,10871.9837355876,9529.51062434329,10038.712368694,9382.00509542599,9627.14617423424,10384.1805730152,9210.2635555074,10934.0566341206,11016.2316034216,11234.037054226,11845.6294641441,11835.4994897822,12298.2661324287,11142.4904533733,10349.9905796745,10740.2608898907,10809.6955545766,10437.6603434626,10122.9871336229,6016.01264068829,5906.8395114255,6877.63949641076,6596.89720322346,6517.21781573275,6518.48701484522,10470.362678629,10430.7456494942,9383.63505740136,9386.01462424567,11064.1932736449,11515.3414560455,6488.97025284391,6518.8172301841,7606.85361832223,7852.49945085396,6485.04206958053,7714.5067498565,8269.15452784509,8295.35575164262,7133.9447570136,7022.4732261339,7958.05504888057,8031.43528826571,6053.98650757224,6344.19119841447,6314.94140742332,6612.34354348616,7067.62855098511,7180.79593452979,10695.6375758509,10776.6057972848,9633.41761748625,9441.40911239789,11015.3351095171,11595.2743324503,12962.8879548746,13110.6354260823,13923.5707229605,13390.6026251331,13250.599113898,13578.5574007404,10574.1792491766,13474.2807289134,12201.8707934164,12377.0101946962,11648.0860862721,12906.6825406681,9401.87695638298,9984.07458418981,10570.3840946112,12021.9844727688,9397.70895408456,10042.7654678456,14704.7811433015,11753.5314246766,14419.0900604886,12190.2807172727,13916.9867437229,13202.6444303368
,38,9437.68213143459,8966.31505756494,8541.58662853555,8860.62621282545,7982.50132316343,8047.20347043922,4541.44193623479,4550.86717037441,4617.42362426708,4283.37329615116,3382.01040158561,3769.23093543184,11076.2266708439,10815.3136353612,11013.4908956981,11824.5566755948,11886.2736682775,11308.4098196758,10067.7306877824,10567.6883423262,9940.32202720111,10205.2357598468,10948.5692880518,9706.05616024179,11488.6013626455,11589.6677628293,11710.4720457482,12351.1865522804,12303.045510544,12784.3763338531,11699.5696843808,10863.8678608462,11223.6873033991,11300.2633350179,10885.3455664899,10545.0688820808,6930.02471882709,6807.91017297135,7779.62341554703,7475.68425817596,7412.53710229383,7418.031794025,10988.9674806489,10957.1635420041,9934.41546209717,9939.37070261792,11493.5315573439,11950.9120980178,7441.65631663547,7490.28376770787,8396.6558810442,8673.676570606,7233.96848324109,8583.29494497999,9074.42744323691,9098.84669055929,8021.29969931597,7895.45475076533,8645.81291709587,8707.37460058079,6961.92122986726,7289.16932062428,7176.33699163872,7540.45882285133,7947.07837125409,8079.1708525098,11233.3155575192,11340.4270988654,10348.4416294592,10131.9229889283,11531.247131179,12134.2506389851,13311.4187246496,13464.4290473967,14293.3204957005,13741.5144486717,13598.5605076521,13931.3308917132,10903.2226022788,13894.9939615145,12540.3343227351,12715.0798080999,11970.9646617073,13246.0726603636,9961.08733506803,10583.3177587618,11046.5294232701,12565.8908922787,10047.5488764336,10754.0669609381,15074.6512220488,12049.9153312801,14739.6894259758,12459.1175221048,14234.4454903833,13502.6863797571
,39,10154.5719246851,9638.99570175902,9259.45147669045,9608.38391207194,8716.18959900915,8802.90413037758,5496.42251362371,5485.35156359484,5517.11619988233,5232.78627945902,4308.13899669379,4755.49019947573,11509.7457438097,11253.1613422821,11417.6545977988,12250.215311721,12296.6109566965,11702.4021954289,10540.0608505663,11033.160485528,10439.4314532646,10724.5518970216,11448.7199715451,10142.0971376108,11974.5316271083,12093.810837651,12134.6692513799,12802.0444592791,12721.6723381209,13221.0632624202,12195.6803795208,11316.3700569312,11657.7774824385,11737.3926436942,11284.9018279365,10913.7820081663,7760.02091741735,7624.5265203265,8580.58946209368,8268.91719311032,8218.18659961125,8230.60478271924,11453.777322829,11427.4421099393,10419.0956798094,10431.8583283199,11878.1338828583,12335.0056257403,8284.15798683335,8368.5549650419,9097.12730511092,9399.74663811254,7900.54714756144,9352.54501078866,9787.5261867274,9809.09836393722,8818.35434585833,8690.03566413247,9261.98245270876,9303.37144499906,7786.36565441102,8145.39670912638,7948.97880500164,8369.17062026805,8726.38650245254,8882.31032323114,11701.6958112531,11837.4551646498,10985.7403825961,10748.1733146607,11995.5104670347,12608.964385141,13625.3429416674,13776.9443983986,14619.3844398901,14050.8021982039,13901.9943060077,14244.5857945542,11201.3453452309,14274.6102750726,12843.9218951235,13017.5618589109,12256.4278557556,13546.285571039,10450.0785113137,11103.4107731976,11463.4882749806,13039.8588891404,10618.3329477165,11370.3563878413,15401.7404116124,12319.5019441825,15027.5829895186,12703.9089135816,14519.7692788627,13764.2596994877
,40,10832.5157286151,10264.5253457904,9936.50885593924,10311.0020853613,9408.87697570305,9513.26878862036,6440.96399749251,6399.07448844337,6400.94116913037,6178.4194738012,5259.68833643796,5749.71211998392,11930.6923909199,11666.1297744855,11798.5936870461,12652.1904913544,12677.2743662209,12076.0704903657,10992.2369024121,11463.6279284575,10901.7347718088,11214.5306348737,11917.3055184014,10555.273455719,12434.4309038776,12561.3246851848,12534.4636430823,13223.1689083876,13115.3900898731,13627.8902228369,12654.835338015,11735.7288150779,12063.31268547,12150.642004759,11660.2114555396,11254.5722228839,8542.04215628042,8396.78244100229,9340.32886422449,9019.85776953343,8978.6998721825,9004.83084222077,11889.2431230139,11870.4343540074,10871.2483650074,10889.0148150013,12237.0445505847,12693.8706307199,9074.32755202957,9191.7810034977,9754.99618081985,10073.8311537756,8526.01125315253,10075.9265890334,10452.0488493446,10474.5166900253,9571.04867523912,9444.86814122036,9847.34961105656,9859.38915326236,8571.9103408036,8957.57414544793,8677.44636061466,9152.32683852377,9455.5338129099,9630.92721639593,12131.2419443407,12299.6651431153,11580.0567836809,11326.8123467882,12435.6273750994,13055.9062198246,13921.310637277,14062.9453764341,14942.6457638764,14349.3119892743,14180.7119279302,14539.3380108328,11483.8884320337,14626.2577413627,13123.026268002,13301.7110224055,12527.8297637241,13833.6464880881,10905.4765819091,11600.9193373707,11858.6845961405,13480.7306701772,11156.7196374215,11940.6435922313,15706.1948560191,12572.2866275481,15302.7742851023,12935.0183410358,14798.3380981537,14000.8298295927
