,Temperature,A1,A2,A3,A4,A5,A6,A7,A8,A9,A10,A11,A12,B1,B2,B3,B4,B5,B6,B7,B8,B9,B10,B11,B12,C1,C2,C3,C4,C5,C6,C7,C8,C9,C10,C11,C12,D1,D2,D3,D4,D5,D6,D7,D8,D9,D10,D11,D12,E1,E2,E3,E4,E5,E6,E7,E8,E9,E10,E11,E12,F1,F2,F3,F4,F5,F6,F7,F8,F9,F10,F11,F12,G1,G2,G3,G4,G5,G6,G7,G8,G9,G10,G11,G12,H1,H2,H3,H4,H5,H6,H7,H8,H9,H10,H11,H12
,65,15134.5164878481,14309.793069862,13751.7998965507,14255.7443792497,13344.5113477086,13302.7735655466,11315.3586309418,10943.5729444367,11255.2559179079,10927.1013559774,10384.7199517035,10981.1569969078,14976.5235086454,14677.1891087897,14123.6300748683,15717.7041353374,15250.1197067573,14444.8426085529,14101.5356827513,14121.4939703256,13732.0643302795,14098.3062005038,15148.7503367385,13634.4980503594,15583.7449269675,15627.1545630098,15325.7212207667,15881.0876678998,15587.5531041863,16142.9172242308,15560.3212517036,14334.1692134194,15075.5766989205,14556.7666482818,14874.6302962946,14181.135079195,12473.6011957114,12193.2179752307,12892.146664009,12564.599231816,12730.9377820809,12849.3086916475,14659.0329935647,14655.3153579349,13695.5365774626,13717.5572899944,15029.5095833111,15686.8364595594,12991.5578745275,13051.4706356086,13029.9753944462,13292.1834451018,11822.7543892914,13825.8722008504,13795.1950400848,14131.091770524,13704.8632250967,13331.5301507285,13390.3362367199,13746.8189288753,12449.6963037038,12760.7897756381,12150.7563736899,12736.4282282513,13106.9747948238,13223.5303602001,14875.5082633853,15060.4307031525,14687.2032876854,14312.599634598,15184.9307740726,15915.7160814837,16599.6490121434,16603.6439827357,17556.2390769208,16657.1339475314,16654.1673105733,17036.7650334731,14294.2281825264,17039.4696320956,15678.6190641341,15762.1628980479,15394.6075383495,16850.4874786647,13818.6011216185,14289.2117140155,14213.2231351054,15912.450887745,14017.3399022136,14889.6219163606,17892.6407910906,14948.8717179168,17556.4527321862,15506.004372803,17107.6344305617,16660.2694891823
,65.5,14919.5948725066,14177.8520444233,13634.1597330128,14145.5476450199,13227.0180472638,13199.8329303289,11209.7644027837,10856.7752306771,11156.677332863,10830.998922144,10295.0954865955,10873.6080863636,14843.8054614297,14558.7494384037,14014.0162260999,15612.4981210838,15145.1075689787,14344.3965634429,13982.3519652842,14021.7135962747,13640.6647238956,13992.4259496655,15013.7769690092,13522.3552521108,15437.9219670533,15499.1566301833,15203.2545612938,15775.1965651659,15475.6887826467,16027.7041922718,15436.0172399899,14227.6764266773,14973.5239602708,14442.6168812193,14761.6296794691,14062.5711904648,12343.5018425683,12069.6937069996,12774.6539127163,12464.4104555906,12619.3056569796,12739.1563500203,14540.876512473,14538.1748933987,13595.1045912208,13614.3016210692,14908.5211707869,15541.4386216766,12858.1142162901,12921.8972864216,12922.8809601027,13178.9217192249,11728.1176207252,13711.8179406143,13664.634450617,14016.3313873644,13591.7539843184,13234.4628352338,13284.728628138,13628.209394767,12327.7830026273,12635.4939610692,12046.9918906426,12626.3811191924,12995.7149948719,13102.1811033848,14753.9985562948,14934.1290130185,14573.4945015324,14203.8283627238,15073.5330517953,15763.4440175559,16468.3272867885,16472.5140397999,17440.3144571672,16543.8023349068,16536.9121947712,16910.7019294697,14220.78159325,16905.9964202482,15582.6461732075,15658.5600895347,15290.2445418298,16695.1701245613,13704.8977501399,14171.0270252238,14097.5566326675,15765.5694991094,13901.3350472728,14767.1825549086,17749.1475736998,14858.4461407093,17426.2462298872,15410.517763584,16965.7511930415,16518.2111179462
,66,14704.6732571652,14045.9110189846,13516.5195694749,14035.3509107901,13109.524746819,13096.8922951112,11104.1701746257,10769.9775169175,11058.098747818,10734.8964883107,10205.4710214875,10766.0591758195,14711.087414214,14440.3097680177,13904.4023773314,15507.2921068301,15040.0954312002,14243.950518333,13863.1682478171,13921.9332222237,13549.2651175116,13886.5456988273,14878.8036012799,13410.2124538621,15292.0990071391,15371.1586973568,15080.7879018209,15669.305462432,15363.824461107,15912.4911603129,15311.7132282762,14121.1836399351,14871.4712216211,14328.4671141567,14648.6290626436,13944.0073017346,12213.4024894251,11946.1694387685,12657.1611614235,12364.2216793652,12507.6735318783,12629.0040083931,14422.7200313813,14421.0344288625,13494.6726049789,13511.0459521439,14787.5327582627,15396.0407837937,12724.6705580528,12792.3239372345,12815.7865257593,13065.659993348,11633.4808521591,13597.7636803782,13534.0738611492,13901.5710042048,13478.6447435401,13137.3955197391,13179.121019556,13509.5998606588,12205.8697015507,12510.1981465002,11943.2274075953,12516.3340101335,12884.4551949199,12980.8318465696,14632.4888492044,14807.8273228845,14459.7857153795,14095.0570908496,14962.1353295179,15611.1719536282,16337.0055614335,16341.3840968642,17324.3898374136,16430.4707222823,16419.6570789692,16784.6388254664,14147.3350039736,16772.5232084007,15486.6732822809,15554.9572810215,15185.8815453102,16539.8527704579,13591.1943786613,14052.8423364321,13981.8901302296,15618.6881104737,13785.3301923321,14644.7431934566,17605.6543563089,14768.0205635018,17296.0397275883,15315.0311543651,16823.8679555212,16376.1527467102
,66.5,14489.7516418237,13913.9699935459,13398.879405937,13925.1541765602,12992.0314463742,12993.9516598934,10998.5759464676,10683.1798031579,10959.520162773,10638.7940544774,10115.8465563794,10658.5102652754,14578.3693669984,14321.8700976316,13794.788528563,15402.0860925764,14935.0832934216,14143.504473223,13743.9845303501,13822.1528481728,13457.8655111277,13780.665447989,14743.8302335506,13298.0696556135,15146.2760472249,15243.1607645303,14958.321242348,15563.4143596981,15251.9601395674,15797.2781283539,15187.4092165626,14014.690853193,14769.4184829715,14214.3173470942,14535.6284458181,13825.4434130044,12083.303136282,11822.6451705373,12539.6684101307,12264.0329031398,12396.041406777,12518.851666766,14304.5635502896,14303.8939643263,13394.2406187371,13407.7902832187,14666.5443457385,15250.6429459109,12591.2268998155,12662.7505880475,12708.6920914159,12952.3982674711,11538.844083593,13483.7094201421,13403.5132716814,13786.8106210452,13365.5355027618,13040.3282042444,13073.5134109741,13390.9903265505,12083.9564004742,12384.9023319313,11839.4629245481,12406.2869010746,12773.195394968,12859.4825897543,14510.9791421139,14681.5256327505,14346.0769292265,13986.2858189753,14850.7376072405,15458.8998897004,16205.6838360786,16210.2541539284,17208.4652176599,16317.1391096577,16302.4019631671,16658.5757214631,14073.8884146972,16639.0499965533,15390.7003913543,15451.3544725083,15081.5185487905,16384.5354163545,13477.4910071826,13934.6576476404,13866.2236277917,15471.8067218381,13669.3253373914,14522.3038320046,17462.1611389181,14677.5949862943,17165.8332252893,15219.5445451461,16681.984718001,16234.0943754741
,67,14274.8300264823,13782.0289681072,13281.2392423991,13814.9574423304,12874.5381459295,12891.0110246757,10892.9817183095,10596.3820893982,10860.941577728,10542.691620644,10026.2220912714,10550.9613547312,14445.6513197827,14203.4304272456,13685.1746797946,15296.8800783227,14830.0711556431,14043.0584281131,13624.800812883,13722.3724741219,13366.4659047437,13674.7851971507,14608.8568658214,13185.9268573648,15000.4530873107,15115.1628317037,14835.854582875,15457.5232569642,15140.0958180277,15682.065096395,15063.1052048489,13908.1980664508,14667.3657443218,14100.1675800316,14422.6278289927,13706.8795242742,11953.2037831388,11699.1209023062,12422.175658838,12163.8441269144,12284.4092816757,12408.6993251388,14186.4070691978,14186.7534997902,13293.8086324953,13304.5346142935,14545.5559332143,15105.2451080281,12457.7832415782,12533.1772388604,12601.5976570725,12839.1365415942,11444.2073150268,13369.655159906,13272.9526822136,13672.0502378856,13252.4262619836,12943.2608887498,12967.9058023922,13272.3807924423,11962.0430993976,12259.6065173623,11735.6984415008,12296.2397920157,12661.9355950161,12738.1333329391,14389.4694350235,14555.2239426165,14232.3681430735,13877.5145471011,14739.3398849631,15306.6278257726,16074.3621107236,16079.1242109927,17092.5405979063,16203.8074970331,16185.1468473651,16532.5126174597,14000.4418254207,16505.5767847058,15294.7275004277,15347.7516639951,14977.1555522708,16229.2180622511,13363.787635704,13816.4729588487,13750.5571253538,15324.9253332024,13553.3204824506,14399.8644705526,17318.6679215273,14587.1694090868,17035.6267229904,15124.0579359272,16540.1014804807,16092.036004238
,67.5,14059.9084111408,13650.0879426684,13163.5990788611,13704.7607081006,12757.0448454845,12788.0703894578,10787.3874901512,10509.5843756388,10762.3629926829,10446.5891868107,9936.59762616326,10443.412444187,14312.933272567,14084.9907568595,13575.5608310262,15191.674064069,14725.0590178647,13942.6123830032,13505.6170954159,13622.5921000709,13275.0662983597,13568.9049463124,14473.8834980921,13073.7840591162,14854.6301273965,14987.1648988773,14713.3879234021,15351.6321542304,15028.231496488,15566.8520644363,14938.8011931352,13801.7052797087,14565.3130056719,13986.017812969,14309.6272121671,13588.3156355439,11823.1044299957,11575.5966340751,12304.6829075452,12063.655350689,12172.7771565744,12298.5469835116,14068.2505881061,14069.6130352539,13193.3766462535,13201.2789453684,14424.5675206902,14959.8472701454,12324.339583341,12403.6038896734,12494.5032227289,12725.8748157171,11349.5705464607,13255.6008996699,13142.3920927456,13557.289854726,13139.3170212052,12846.1935732549,12862.2981938102,13153.7712583342,11840.1297983211,12134.3107027934,11631.9339584534,12186.1926829569,12550.6757950641,12616.7840761238,14267.9597279331,14428.9222524826,14118.6593569205,13768.7432752269,14627.9421626857,15154.3557618448,15943.0403853691,15947.9942680568,16976.6159781528,16090.4758844084,16067.8917315627,16406.4495134565,13926.9952361442,16372.1035728589,15198.7546095011,15244.1488554817,14872.7925557511,16073.9007081481,13250.0842642253,13698.2882700571,13634.890622916,15178.0439445668,13437.31562751,14277.4251091005,17175.1747041366,14496.7438318793,16905.4202206916,15028.5713267082,16398.2182429603,15949.9776330021
,68,13844.9867957993,13518.1469172297,13045.9589153232,13594.5639738708,12639.5515450397,12685.1297542401,10681.7932619932,10422.7866618792,10663.7844076379,10350.4867529774,9846.97316105523,10335.8635336429,14180.2152253513,13966.5510864734,13465.9469822578,15086.4680498153,14620.0468800862,13842.1663378932,13386.4333779488,13522.8117260199,13183.6666919758,13463.0246954741,14338.9101303628,12961.6412608675,14708.8071674823,14859.1669660507,14590.9212639292,15245.7410514965,14916.3671749484,15451.6390324774,14814.4971814215,13695.2124929665,14463.2602670222,13871.8680459065,14196.6265953417,13469.7517468137,11693.0050768525,11452.072365844,12187.1901562524,11963.4665744636,12061.1450314731,12188.3946418845,13950.0941070144,13952.4725707177,13092.9446600116,13098.0232764432,14303.5791081661,14814.4494322626,12190.8959251037,12274.0305404863,12387.4087883854,12612.6130898402,11254.9337778945,13141.5466394337,13011.8315032778,13442.5294715664,13026.2077804269,12749.1262577602,12756.6905852283,13035.161724226,11718.2164972446,12009.0148882245,11528.1694754062,12076.145573898,12439.4159951121,12495.4348193086,14146.4500208427,14302.6205623486,14004.9505707675,13659.9720033527,14516.5444404083,15002.083697917,15811.7186600141,15816.8643251211,16860.6913583992,15977.1442717838,15950.6366157607,16280.3864094531,13853.5486468678,16238.6303610114,15102.7817185745,15140.5460469685,14768.4295592314,15918.5833540446,13136.3808927467,13580.1035812654,13519.2241204781,15031.1625559311,13321.3107725692,14154.9857476485,17031.6814867457,14406.3182546718,16775.2137183927,14933.0847174892,16256.3350054401,15807.919261766
,68.5,13625.0764089467,13375.8310866337,12916.1274583629,13471.2446968885,12511.0178592493,12574.3501018937,10565.8733680753,10324.7405260176,10554.2055984356,10245.0619822926,9748.87678049985,10215.7980991115,14032.8385149808,13835.878809876,13348.8496061162,14967.8613033921,14500.8058051563,13733.6037341149,13254.1661378334,13414.8748885855,13088.3861571743,13346.7818908532,14188.4636784897,12834.4029760357,14553.5629699055,14719.5800167692,14455.2003242286,15127.6548213084,14792.4728747905,15326.2660905301,14677.4386181696,13578.9025914246,14346.5115474918,13748.572904087,14069.0373654149,13338.2048533054,11556.662533034,11321.9241153503,12062.0346863958,11853.8827993686,11940.2818862885,12069.1578286294,13822.445188409,13827.6033858038,12987.1797892409,12984.0986347175,14168.9126622389,14655.206790632,12049.5323267961,12137.8115849622,12271.0843063192,12488.9951199679,11151.8054259222,13016.8647967275,12870.4737665956,13317.9826828637,12901.3477885872,12638.9474190585,12637.9963732444,12900.8675626931,11587.6947682094,11875.5840683907,11416.2327939364,11958.0605166295,12319.0696863887,12365.7403233756,14014.0088480529,14167.8698929026,13879.7708820399,13539.4854310688,14390.4096972193,14835.9147947277,15666.221551196,15674.0765079993,16729.2396351973,15851.5772894241,15820.5625933863,16140.1485802849,13771.4174095948,16090.6939537132,14995.3818557012,15021.2791238838,14648.2978427072,15747.8447688361,13011.2431049411,13453.1111350587,13395.2926052588,14868.4746515077,13194.2626237786,14021.4008478169,16869.5406430707,14305.7745804384,16626.1016711682,14818.4252718105,16099.0780933354,15651.1633626813
,69,13400.6977776814,13221.5344324099,12773.2248499707,13331.6858959445,12370.3090463447,12451.7846763872,10438.944799266,10213.0542273405,10432.9485579285,10127.3244437717,9640.72963285572,10083.9216705003,13870.6850787354,13692.6867145927,13220.7061132964,14831.9887908062,14365.242171269,13611.4968788799,13108.1420192961,13295.3441091287,12983.5779067474,13216.058529123,14022.3449679131,12691.0591419665,14388.9446197776,14566.7038094361,14304.0047196989,14993.843377075,14653.7562939537,15186.2833229308,14526.6737298624,13449.8054844918,14212.1000577118,13612.2104566635,13925.6382006684,13192.692062351,11413.0821095969,11184.2754217,11926.3242096165,11731.5943337593,11808.4378724897,11937.5025286636,13681.9438852209,13691.9330792612,12871.7262306438,12855.1809690363,14017.3011712943,14480.7179762009,11900.3512809719,11993.7226566468,12143.0469739557,12352.8548134341,11037.2045186805,12879.2855301898,12717.2436408017,13179.8881797232,12762.1229489087,12512.1627485308,12504.8548078711,12751.5663655695,11448.731454581,11732.4100861751,11294.5001365574,11829.324828187,12186.882814471,12224.7555688085,13867.506729623,14020.9488208956,13738.6745161357,13402.9974270612,14245.2487495882,14655.2927053014,15504.8085195621,15517.232066644,16580.4495828467,15708.7910086987,15675.0659255143,15981.7231132123,13676.9247719662,15924.4038231346,14871.8279630695,14882.1456622529,14509.5117829166,15561.529345336,12873.0480346018,13314.152288521,13260.4849973157,14688.7669398624,13052.7393884558,13873.1220934159,16685.4640025691,14190.438007723,16453.537179573,14682.2146059247,15923.316980086,15478.9999048634
,69.5,13172.9767117472,13056.1950365183,12617.6756026015,13174.7412965898,12216.2495081415,12315.0728093422,10301.2787976135,10088.1899314762,10300.5760943009,9995.93003597205,9522.52767594363,9942.43706171452,13694.5684640024,13536.6648054557,13079.0972173693,14677.633643339,14211.6397724948,13473.3377341268,12948.2814217949,13161.2404679223,12865.37830701,13068.5347766128,13842.9254278434,12532.267557043,14214.2006433382,14398.471456232,14135.737375092,14840.9381383529,14497.0390441096,15027.2750035762,14359.5911837957,13305.751060774,14059.5399030377,13459.2295283786,13767.3210459476,13033.9893883753,11261.8699507963,11039.3506913747,11778.4816390036,11594.7717369249,11663.1675914847,11792.0306422411,13525.7012116628,13543.1952983579,12744.1792155886,12708.8533696929,13847.2573273274,14292.4572127863,11743.7162478878,11841.4602635281,12001.8348198175,12203.2318286193,10908.9221008883,12726.7102132922,12550.3747154913,13027.4058578317,12608.06391814,12365.684255261,12357.4231319245,12589.0339225918,11301.5362524739,11579.9395645664,11159.7603586488,11688.4519923531,12041.2300218482,12071.1091318771,13705.255317426,13858.9148073162,13579.2594200251,13247.4780496707,14078.6412254509,14461.2749785711,15327.2207933832,15344.6590489526,16409.3499213425,15545.6621432575,15511.50853012,15803.3752412266,13566.4228605769,15737.9895030651,14728.773851162,14720.5404129237,14351.2666273794,15360.9092019346,12722.3546742616,13161.9666839297,13112.5204014331,14492.0226163708,12896.2320406451,13708.1679360742,16478.6259973243,14058.4659511873,16257.0073814005,14524.7867957614,15728.860889028,15292.9997942789
,70,12944.3709053634,12879.3221796391,12449.7150840725,13001.4268933705,12049.5850703073,12162.9297799197,10153.3228950698,9950.70384516708,10157.78842118,9851.90489579078,9394.45511958458,9793.61270277851,13506.5398337953,13367.8824405667,12922.3159990348,14503.1412517243,14040.238906831,13317.1191814411,12775.939287548,13010.0098797868,12730.8223619351,12903.7630815298,13650.1569171361,12360.3381706179,14030.0128822607,14213.8016546711,13952.4303955647,14668.1559741512,14321.6596184513,14847.8400812045,14175.8913609514,13146.2910320208,13888.0690091186,13287.9851852882,13594.2747032157,12862.1565295375,11103.6402535785,10886.6913077397,11617.5540753573,11442.5416217926,11503.6970469967,11632.6469045587,13353.0975305898,13378.785670412,12601.8793500727,12544.5118177472,13659.0778752058,14091.483200886,11579.2616898346,11680.2795236859,11846.2648542662,12040.0723635317,10766.5356395105,12559.1438381299,12370.1375904027,12859.4336086903,12437.6451826439,12200.7884604557,12196.8114660273,12415.528208561,11146.2529230113,11417.4140196325,11011.504643531,11534.1795429741,11882.014366215,11904.7652038002,13527.4490220756,13680.5710828257,13400.7115717111,13073.3102067675,13891.9207544917,14254.6894207175,15134.2899444748,15156.0147864141,16214.4910673655,15361.6184635815,15328.567251252,15605.5527645104,13437.6780403891,15531.5129861113,14565.0193374802,14537.958385071,14174.7338345436,15147.5203904759,12559.7222448591,12995.2991417498,12949.4903330979,14280.1814105862,12725.4489249572,13526.2706249522,16251.507635153,13908.0645906717,16038.948677314,14349.1561981225,15517.8526355044,15094.8818614182
,70.5,12718.3190905462,12692.6521306272,12271.6192063987,12814.1384862291,11871.296411153,11995.0765543945,9997.29524252289,9803.2182751917,10007.1670140644,9697.97554551602,9258.77784365397,9640.44587849503,13309.0934393536,13188.0558198776,12751.1318243738,14311.2566703226,13854.3752452667,13144.9007038467,12593.0663867935,12842.5369206313,12578.3981568757,12723.9031681451,13448.4009213533,12180.0482677651,13837.5574932756,14014.0577650463,13757.3626324557,14477.2781030708,14128.8117430908,14649.2612520697,13977.7304722744,12972.6309420564,13702.061537399,13099.4262315293,13410.3407356569,12680.4786637674,10939.6832457258,10726.9270297727,11444.6949765982,11277.7054647117,11333.0593379688,11461.2952285936,13165.8432595001,13199.6909208174,12444.4180565798,12365.6689136321,13455.4007015849,13880.2366563,11408.3226988643,11510.9500352931,11677.4063443431,11866.222592884,10612.1681313909,12378.4273743307,12179.876917327,12677.399342469,12253.7078647609,12021.5674060952,12025.7557608433,12234.2176547313,10985.0863820517,11246.354307928,10851.9724958219,11368.6786478339,11710.1624963652,11726.8908923534,13336.2334676728,13486.7345889957,13205.3301217538,12884.0659575036,13689.63880782,14040.3647304293,14929.2651557421,14952.3514306166,15999.6524418813,15159.2711522845,15129.1779353198,15392.0143134062,13291.9359164461,15308.0111874759,14381.9139211849,14337.7971719541,13983.8389307963,14925.2749719121,12388.6179099687,12816.1527185151,12772.3441673973,14058.9244757343,12544.5187111707,13330.759315641,16010.4767421084,13741.3254021468,15805.9638205132,14159.9809111699,15294.8035874251,14887.8445735335
,71,12495.0733783738,12496.2683695654,12085.0251516789,12616.0462902419,11683.7875397547,11814.8387565555,9836.54513908817,9650.05048273791,9849.94900925078,9537.61300528382,9116.80890108389,9484.75704001417,13106.4780540875,12999.5295629786,12567.1096831703,14103.8789956648,13658.0289102992,12959.4327424529,12403.0635861655,12661.8583826323,12409.1175192606,12533.4608127542,13239.6042336301,11994.2810957028,13637.8844542711,13801.1495593227,13550.7787199194,14271.6570337132,13921.7149000601,14434.8650859664,13768.0534984746,12786.8366530103,13502.8645302822,12897.1355357127,13216.3895954222,12490.7794286685,10770.6657826855,10561.0375368568,11262.2928175568,11103.9233877577,11153.5059881425,11280.2714244782,12966.5274512206,13007.3355056247,12272.9562499801,12174.3785245701,13238.8537626407,13661.965451819,11232.9855756622,11333.4598521549,11498.5249435453,11684.2136065273,10449.0279697635,12187.3336242862,11981.2263187759,12484.9788701761,12057.8737682495,11831.8550778212,11846.575463852,12046.9442814757,10820.2866778004,11068.7070922264,10684.086317283,11194.5654335208,11529.4639968241,11540.3391305965,13135.0991051401,13280.2168682939,12996.5820931212,12684.3640818291,13477.1279036589,13822.1091678736,14715.433583708,14736.7728430923,15770.4251985464,14943.6524129767,14917.2692768342,15166.2904443339,13131.8055491667,15072.342220231,14183.4438988852,14127.1219890157,13783.0916846804,14698.4209229673,12211.9900387935,12627.536200043,12584.248571754,13834.5663209939,12355.9832385527,13125.3393217558,15763.2462077988,13562.0688585247,15565.328905498,13964.8614814162,15064.3788012996,14675.5639573222
,71.5,12275.4102293071,12294.4080843636,11893.8860210789,12411.9794761206,11490.632551567,11627.2691393098,9673.5718475579,9494.58182314822,9688.58980131687,9374.6185429673,8971.50764515805,9328.86098949026,12902.0050175734,12804.7244836396,12374.6910963279,13886.0577318386,13457.0175924924,12766.4568594966,12209.6104343142,12472.8981401352,12227.9076928984,12337.7508565266,13027.276375311,11806.0309064925,13433.5463929014,13578.7306114673,13336.3058207126,14055.3555198563,13705.3674147967,14209.669221801,13549.3717206742,12593.3779228114,13295.1025598386,12686.2643630986,13016.1626269698,12296.6645449779,10599.589888697,10391.3411461875,11074.1002908312,10925.3534172208,10968.7340030168,11094.3469864608,12760.0128781756,12805.8385972327,12091.2704270966,11976.4243660111,13016.1665926795,13442.3781220846,11055.3517316556,11149.9328393565,11314.4899009069,11497.19617143,10280.7182641108,11989.4783824514,11776.8221967831,12287.1955127767,11854.9736550805,11637.9790476412,11663.0196423983,11857.407989989,10653.4235805538,10887.7547473882,10511.1121200682,11015.7833690371,11343.7881501858,11348.8661736645,12929.0213716371,13066.3149186104,12781.6975264464,12480.4795278076,13260.8049496025,13603.1966060004,14497.7547772084,14514.4938363265,15531.3249831354,14721.5990624933,14696.7050737563,14933.5414283314,12960.7057092627,14831.3480971303,13975.6869432931,13912.1345086126,13578.5039862681,14470.8540913406,12032.8515963383,12434.418447459,12389.3221783061,13610.8085227169,12164.6958998643,12915.6929346866,15516.0365091297,13375.3483932056,15323.5405470508,13767.488253856,14831.8461640552,14461.9402640749
,72,12060.679023184,12090.0832343356,11701.3236294315,12207.0592082303,11296.9606381094,11437.2637170896,9511.03762832422,9339.8042841756,9526.80229777893,9212.47601747543,8826.59018899687,9174.9399331348,12698.4529428594,12607.3246885267,12179.4180597696,13663.8509757175,13256.195523817,12570.7379384553,12016.7416422044,12281.2006855092,12040.986689275,12141.4403284071,12814.5752941759,11619.0707519793,13228.0946982184,13353.1916164033,13120.5251782811,13834.2782830877,13486.5785911129,13981.6063596187,13327.750768317,12397.0551977379,13083.5859698188,12472.9491155924,12813.9173314727,12102.4143404299,10429.0152620144,10219.892841041,10884.5760071881,10746.9626173172,10784.1828871973,10908.0954945784,12552.1395840437,12599.4699047484,11903.6603222773,11777.2835410331,12792.8855975841,13225.1158135783,10877.3096473064,10963.7076963915,11129.7378502773,11308.984682754,10112.5630238324,11789.72714611,11571.2980937116,12087.8611473808,11649.3215275554,11445.0780981413,11478.4920856675,11668.3306980469,10486.5044440554,10705.7943855339,10338.6576754791,10836.2251749861,11157.6582126301,11155.8818775503,12723.2438531286,12851.1690040777,12565.8678828728,12278.0502419113,13045.8353278118,13386.0731631804,14279.4741480805,14290.4289276746,15289.8452346956,14498.7692883998,14473.3775502626,14700.1828857667,12784.3566741459,14590.7695507413,13764.5680709972,13698.7988041955,13374.2267269456,14244.8256924258,11853.3414404823,12240.2938650546,12191.3770292117,13390.7758015041,11973.6498867371,12706.777035264,15272.8198277567,13185.8821098138,15084.519334832,13571.2583927378,14600.5561522371,14248.8245496115
,72.5,11850.5724169387,11886.800399219,11509.2223273596,12004.1670050479,11104.8492950774,11247.9073374627,9351.14114348837,9187.13564436708,9366.43816644669,9052.80355387802,8683.07716050765,9024.06568925477,12497.2068744691,12411.0396661351,11985.0173064888,13442.4193606761,13058.1452602028,12376.2950961552,11826.1106567532,12090.130272313,11852.7718776799,11946.4160833974,12604.8019148312,11434.3483854842,13023.421354756,13128.25265564,12905.0428246147,13612.7616387483,13268.6910398516,13755.1194800759,13106.747698728,12200.977793523,12872.5436340768,12261.0698885635,12612.5066685557,11910.856825653,10260.160622936,10049.1842003077,10696.8436184032,10570.8317639476,10603.0170816553,10724.0641878528,12345.9277824612,12393.3080614719,11714.0604754961,11580.1523360165,12572.671165437,13012.496119,10701.3233645687,10777.5445467966,10946.8193419608,11121.6431960663,9946.94746805345,11591.0997727403,11367.8354225396,11890.2951662518,11444.8238306269,11255.9838124718,11294.718112338,11480.9484202114,10321.4430437007,10526.4242447712,10168.4435044803,10658.2629034497,10973.4137379428,10964.2900849933,12520.5882303884,12637.3709225122,12352.2643961359,12079.06843378,12833.7811573118,13172.4027336638,14063.6023502176,14068.2441677458,15051.9857631322,14278.3300980114,14251.4996685519,14469.0203310007,12606.1958374341,14353.3238323539,13553.6409499239,13488.5041268556,13172.3348152877,14022.3498950774,11675.0603735746,12047.9259495909,11994.654619648,13175.5401699808,11784.8952734357,12500.8334709486,15035.1179941615,12996.6273330806,14850.3406401747,13376.1696692656,14372.4617690279,14037.2301745261
,73,11644.3416594625,11686.1046691691,11319.9059903741,11805.7249980024,10917.3456147839,11061.7085460273,9194.31035915371,9036.82356626434,9208.35768149796,8896.55354204006,8541.66132708165,8875.16019415339,12299.507161676,12217.109411301,11793.2581018124,13223.5001026554,12863.9009982549,12184.6187289083,11639.6630579378,11902.5498892041,11667.3165990013,11754.2232531445,12398.3134277061,11252.0828614056,12821.054245678,12906.9924044455,12691.4624638317,13393.0006003131,13054.3692907005,13532.4594125109,12888.251468494,12007.1110506332,12663.8544114099,12053.4829509193,12412.8067387309,11723.4730756682,10093.580618443,9880.59942710437,10512.5215932269,10397.39706259,10424.9944048666,10543.7766832252,12143.2085429232,12190.3179688847,11525.501011489,11386.5897768224,12357.5898745071,12805.6850055221,10528.2283618767,10594.0006174011,10767.6081891645,10936.2807639637,9785.11429760489,11395.3837851068,11167.3414048063,11695.6094344809,11242.9813347955,11070.3946529016,11112.1298904782,11295.8757288683,10158.0646217457,10350.9063933355,10001.480943317,10482.7962878798,10792.800012699,10776.3004575432,12321.8380287665,12427.6494248205,12142.8091714917,11883.9261930885,12625.7061456322,12962.2382240291,13850.398416986,13849.6376165982,14816.4985631949,14061.3369759208,14032.4235680507,14241.3132325226,12428.6706287696,14120.535519984,13345.4710411199,13283.1864556949,12974.1871549264,13803.9004146261,11498.3010444117,11858.2426894393,11800.3243528243,12964.6208672802,11597.9243476513,12298.4599822319,14801.786086228,12809.2545865235,14620.2729277809,13182.9931964357,14148.504860186,13828.4221157567
,73.5,11442.4780167991,11490.6971561248,11134.0022288455,11611.8870648338,10735.4114034801,10878.9295084067,9040.5348205664,8887.98163455475,9054.328039541,8743.56726872013,8403.29601182777,8729.76517362465,12105.0331795168,12027.3056523531,11605.6778214762,13008.928155402,12673.7233876814,11996.1236249478,11457.2129365133,11718.2134451843,11485.3439650535,11564.685490647,12197.1127835973,11073.2942736601,12621.8993577717,12691.4852712689,12482.8550701895,13176.2066915426,12844.6734766398,13314.9190386434,12674.0976847564,11816.5379756961,12459.6243970811,11850.926878802,12216.647682496,11540.6007526397,9930.07933201365,9715.4303311773,10332.217623488,10226.0441181969,10251.0867887961,10367.555585817,11944.960903783,11991.7905874336,11340.130304063,11198.4809783847,12149.1674166176,12604.622646834,10358.2273422246,10414.4941711197,10592.0738602579,10753.7657526467,9626.19418332384,11203.175999828,10971.085820113,11503.2654468435,11046.2563032337,10888.205329319,10931.8594316145,11114.40836782,9996.6408933426,10179.9997630306,9837.59555829202,10310.0161195531,10615.2547601499,10592.2545119964,12127.0692700218,12223.0074661008,11938.1701031185,11691.6097240939,12421.6762792264,12755.9997577187,13640.4963215498,13635.2616254896,14584.3238553215,13846.8324987692,13816.3632152224,14017.5897455459,12251.2626894752,13892.853248674,13141.0442010224,13080.4301955289,12779.6014219326,13589.2785352141,11323.3746851625,11671.5853389616,11609.103639111,12756.5287044212,11412.8259978599,12099.4119859095,14570.8761253438,12623.4107047244,14393.5107434018,12988.695267025,13927.6932853324,13622.492790949
,74,11244.7031287222,11299.8924452181,10950.54337212,11422.0936799278,10558.4170484591,10698.208091873,8889.25081634119,8739.99275441757,8904.2905910076,8593.49443729959,8267.11808933301,8587.19873394628,11913.1910353835,11841.2585958136,11421.6641939397,12798.0845614165,12484.8612643665,11810.4307187039,11278.0953062514,11535.7008560397,11306.1232321459,11376.8095541639,12000.5441417615,10897.8452988989,12425.8931324045,12481.378968418,12278.3564268697,12961.9610835465,12638.2461885733,13101.7699201859,12464.8338869379,11627.9031289341,12259.3152362816,11653.4833825005,12024.0549822451,11361.8883662785,9769.01190328246,9553.29479226892,10155.9161059841,10056.2396508152,10079.9733902284,10194.4496092014,11749.9436218169,11797.2350779116,11158.2414963096,11014.6449982748,11945.5865889879,12407.3017021476,10191.0393702427,10239.3979497991,10418.0215807902,10573.3849128322,9469.6531576958,11014.6201941722,10779.3689811338,11312.8960891112,10854.2253353466,10707.4368283163,10752.8832593827,10935.5422387065,9837.5563175031,10012.984892199,9675.92141999499,10139.0515339314,10440.179209976,10412.0140781678,11934.8442586343,12022.5304499337,11736.9500850318,11500.1042263053,12220.4323387162,12553.0667009175,13432.7818388144,13424.2961936894,14354.1165869105,13632.1741355788,13602.3801769779,13797.2947000319,12074.444174876,13669.099122724,12939.7473001942,12879.7728105204,12586.7497300082,13377.9182316522,11150.1244296449,11486.38887592,11420.4852290866,12550.3962873124,11228.8842004915,11902.8119469431,14340.5805820286,12438.1309061813,14167.9774597621,12793.5642493316,13709.1183758803,13418.1654273875
,74.5,11050.0981104662,11113.3970225289,10769.7582392613,11235.3951589947,10385.108365974,10518.9117744853,8740.50940643288,8592.1261347743,8756.76205458714,8445.90482480215,8131.65582891003,8446.60286863854,11723.9836106462,11658.6024226555,11239.5955142548,12589.5748579481,12295.7210555436,11626.25184074,11101.2410993845,11353.1788199865,11128.3777078339,11190.0967419025,11808.0324872396,10724.646485306,12232.4131050076,12275.2773554899,12076.835184008,12749.2499848085,12433.314842605,12890.715515902,12259.0017224937,11440.4841961327,12062.2429651797,11459.6860199612,11833.1355179272,11185.8394947379,9610.24196038957,9394.46312262182,9983.03049243605,9886.7720616632,9910.17556210591,10022.7542680289,11557.473413521,11606.9781206634,10978.8937795966,10834.3066109102,11746.4119696998,12212.4906663811,10026.8425007516,10067.9522782511,10244.7604695314,10394.908811943,9314.50935974642,10828.3945731091,10590.8570514837,11123.6201858108,10665.9857674871,10527.1222846532,10574.9620987219,10758.8525176209,9680.19741814024,9849.82386886745,9514.81611620254,9968.61929314448,10266.3885992498,10235.4190197599,11743.5134136439,11824.3898244224,11538.392775061,11308.6778363269,12021.2775229075,12352.7316182194,13227.4883981743,13216.290986078,14125.466882385,13416.3878267873,13389.3784484121,13578.3393624338,11896.6810487968,13447.7039067679,12740.0663031585,12679.302473028,12395.2684435128,13169.9099317616,10978.3758353063,11301.6051587233,11234.7434875572,12345.9031213155,11045.6905423363,11707.5119009616,14110.0675614473,12251.6076112783,13944.0111808019,12597.238274115,13492.9484759241,13215.6966682853
,75,10858.2357027619,10929.7368753572,10591.4888379705,11050.4333658081,10215.0030115859,10339.9786024199,8593.35578258074,8444.89458486039,8611.15487515239,8300.72891939164,7997.46670269634,8307.30445355182,11537.1469929194,11478.0041575332,11058.0933522799,12381.6551299254,12105.4781814943,11442.5715578505,10926.2985324567,11170.4925403919,10951.4029972729,11004.9952163731,11618.2519119101,10554.3484835349,12040.8938063844,12072.4970825525,11878.0205380084,12536.9468923934,12228.927840034,12680.8129743251,12055.7042286946,11253.3775818945,11866.8984490134,11269.0699027402,11644.0873051435,11012.403833491,9453.39683065819,9237.86449933009,9812.47874225181,9717.99798868249,9740.60915136543,9852.39231414483,11367.0686709634,11418.68601126,10802.3599313562,10657.1287975994,11550.1121142738,12019.7973682772,9864.39787751555,9899.01229451053,10072.4739619473,10218.1853859361,9160.5440244107,10643.9857918627,10404.5169620908,10934.2777477034,10480.9131120143,10346.2140837139,10397.3097163773,10583.737313695,9524.4000032034,9688.62190530719,9354.71286604952,9798.89264620817,10093.3570867001,10061.5403619242,11552.032925666,11628.9441552728,11342.233799399,11117.242019516,11824.5928469094,12155.0962550569,13023.2450289184,13009.7237106059,13896.0884342665,13199.817366554,13176.3172987641,13360.0068787144,11717.4874996479,13228.8647620739,12541.8206179635,12479.0287923999,12204.3170260777,12964.8366216245,10808.3098743777,11116.894032772,11050.7147930511,12142.6530762259,10862.5438840736,11513.2323197145,13879.5394737062,12064.1604153296,13720.5448388603,12400.5449168841,13278.5118308342,13014.7231380303
,75.5,10668.3382396689,10749.2214879065,10415.0953251373,10866.401670605,10047.3072016832,10161.754465488,8448.20936756308,8298.58162339759,8467.39835655873,8157.29282468541,7865.19450600382,8170.88472357367,11352.1364951602,11299.4294643588,10877.3822220915,12174.9411358317,11913.7270781327,11258.781409793,10752.1619319804,10987.0271256875,10774.710367588,10821.5585512432,11431.1661192512,10385.7325711833,11850.6807334128,11872.3476297073,11680.8659732878,12325.1748172059,12024.8120652916,12471.9696588382,11855.0056604049,11066.5945112463,11671.8661500179,11081.0053009294,11456.3285708106,10839.9561171365,9298.08107767545,9083.57950153595,9644.41356834657,9550.01383030187,9571.9262380102,9682.84071872687,11178.509792602,11231.8455341713,10627.8329089229,10482.6376590559,11356.3459318449,11828.6028140026,9703.72633003662,9731.44885197861,9900.24457189871,10043.006997464,9007.49995628544,10461.253368534,10219.5513891221,10745.6583277233,10298.9003945185,10166.1592876359,10221.0371453017,10410.2567047933,9370.47507980214,9529.06820483287,9195.11916731833,9629.82566337069,9920.76415707648,9889.57963888683,11360.5881909803,11435.0526382375,11147.8574402899,10926.0823854974,11629.8435896481,11960.0008278752,12820.1009003232,12804.4917840188,13668.6328918761,12982.9532451193,12963.3245386962,13142.3895037648,11536.0174697326,13012.1548143065,12344.4476574006,12278.0078343114,12013.215438713,12761.9240018636,10639.392849029,10932.0057314411,10868.9007378349,11940.165468995,10680.4496993793,11320.0089097157,13649.9599828558,11875.3637972043,13497.9234809001,12203.9291116001,13064.7650153757,12815.0343527175
,76,10479.6940802444,10570.0458241049,10240.3380981527,10684.0575978302,9881.01414561151,9984.51182493231,8304.38151991157,8153.15175444654,8324.10766138521,8015.50794601566,7734.29767493712,8035.64191203842,11168.195177776,11121.3095261585,10696.6218097384,11969.3424244541,11720.2101138151,11075.2637522005,10578.5846036515,10803.2943106289,10597.4034941096,10639.3503215289,11244.9718549549,10217.9503965932,11661.6411154348,11673.4095339611,11484.6671057889,12113.7906765119,11820.5936866479,12262.7519390157,11654.8964519803,10880.3718833077,11476.482223968,10894.9136710744,11269.3719326977,10668.3307506663,9144.43684746984,8930.72678053676,9477.97407146916,9383.83661554222,9403.98193644174,9514.15008348372,10991.2745558693,11045.9605020538,10454.1064045266,10309.2981366903,11164.7692808619,11638.21918436,9544.22834866207,9564.87221050913,9728.56287154583,9869.00563556075,8856.43716738705,10279.4939224358,10035.0509508076,10557.8944718418,10118.5796516837,9986.96259851662,10045.55095376,10237.5733884658,9217.77776261021,9370.26132186321,9036.31452448144,9461.61309100648,9748.89280396368,9718.68469719253,11168.8487951505,11241.8968329966,10955.3077393881,10736.000963155,11435.9282382698,11766.2055848869,12617.0197210811,12599.5245816094,13441.3883766344,12765.8980649212,12750.375413725,12925.2779580821,11353.8202621268,12796.6092266346,12147.2724361245,12077.7174238986,11821.7411809192,12560.4423141991,10470.8506875655,10746.7004227658,10688.9459028484,11738.3678614366,10499.4742438157,11127.8785630062,13421.4851801944,11685.6720922098,13275.620369768,12008.1335514941,12852.5808195782,12615.8371728529
,76.5,10291.8996580177,10391.6678391747,10066.8694618823,10502.4828107971,9715.32218941374,9808.06300844651,8161.79748995968,8008.99098077021,8181.30940836511,7875.31423516757,7605.27112542476,7901.4734436869,10984.7875459372,10943.5752385363,10515.9608472689,11764.4855516068,11525.5917768373,10891.1848308098,10404.8455545396,10619.5092579591,10420.0683751925,10458.2594556446,11059.1827401956,10051.047138259,11472.9590635743,11475.7490178981,11289.7641659648,11903.3246282826,11616.9550274823,12053.4959507808,11455.0586787659,10694.7621939639,11280.8895796596,10710.1466281834,11082.8634945264,10497.1317597538,8992.0397424712,8779.46372310048,9312.39624445649,9219.22891424259,9237.32829719467,9345.8412291419,10805.3394194564,10861.1981922667,10280.9390349144,10137.3540220708,10975.0119557125,11448.2287617461,9385.91621509888,9398.35215389735,9558.89467120643,9696.8445121684,8707.61238414801,10098.5663435611,9850.58556014574,10370.3431106143,9939.47423822128,9809.02796948172,9871.03300087874,10065.0561118097,9065.6990605164,9211.544759558,8878.64580236592,9294.20033652523,9577.68914543524,9548.31492409984,10977.4120631712,11049.7465323548,10763.3032636459,10546.6325432531,11243.0099962256,11573.5079647952,12413.7968578374,12394.2010133995,13214.0122306499,12549.7199261498,12538.2668141058,12708.4049000976,11170.723736446,12581.4035934039,11949.6268200723,11877.3260288126,11630.0663292777,12359.8778462274,10302.0506770018,10560.9027484293,10510.441417983,11537.3611632812,10319.0737494544,10936.3304897436,13194.2709900726,11495.3940024037,13054.8072769147,11812.6286548011,12641.1696805661,12417.0488087841
,77,10104.4990692912,10213.6693556913,9893.17032435143,10320.9701548294,9549.62379318315,9631.76611075971,8019.63397578825,7865.9491041901,8038.72316790897,7735.79016046677,7477.69458478144,7767.71320915925,10800.9285745627,10765.4540828902,10334.9829536578,11560.0515819832,11329.9090257312,10706.603988423,10230.0839558493,10435.5946011554,10242.220517739,10277.7073870159,10873.2378235635,9884.48614762599,11284.0002093188,11278.3280191079,11094.9708509657,11693.2701372014,11413.671792644,11843.6696037656,11254.9441998197,10509.3241786132,11084.5552641784,10526.2540429374,10897.0872763111,10325.5232542781,8839.77280879101,8628.55519292832,9146.89979228891,9055.35723331647,9071.05995407195,9178.32177188356,10619.5541503177,10676.1333273695,10108.5219347389,9965.55817819141,10785.6144930478,11258.2291473363,9227.50583763045,9230.78865856113,9390.1578454645,9525.06125371714,8559.98636590919,9918.14295638026,9666.04532070262,10182.9604312956,9760.88190155836,9631.3313570011,9696.73214197993,9892.62682553865,8914.43135513994,9051.95519833561,8721.59506678749,9127.84416487996,9406.72199515398,9377.38987658437,10785.890414928,10858.0145018238,10571.2384830823,10357.4756138339,11049.955378816,11381.2500419377,12209.1882530494,12187.1995474282,12985.5354489577,12334.5566866823,12326.57480808,12491.1703670665,10986.9281386908,12366.0481470718,11751.7257467039,11676.6848941639,11437.5157586669,12159.3047116953,10132.2686800227,10374.943469249,10332.0126404444,11336.3372809443,10139.0420586234,10744.6430555546,12967.8951364544,11304.8387665772,12834.0288507576,11617.1881283592,12429.7170945447,12218.0536675022
,77.5,9917.17562637765,10035.2022126191,9718.53850245895,10138.8675453091,9382.45828527751,9455.75685587912,7877.14257844099,7722.94510184723,7895.97930185208,7595.86045593551,7350.11181231872,7634.42915840995,10615.4743457927,10585.7870916287,10153.142149478,11355.6412675279,11132.5802243939,10520.9559836952,10053.5021044883,10250.7863936812,10062.8873241429,10096.4553579735,10686.0998884704,9716.64935623484,11093.7459802041,11079.5401709648,10899.3931191338,11482.8697097335,11210.2516493658,11632.7393923447,11053.7160484527,10323.8255087711,10887.2983577745,10341.601866227,10710.5943476825,10151.9845896508,8687.12253745316,8477.77031247016,8981.01781515933,8891.42993935322,8904.70990883382,9010.46581668523,10433.2730078991,10490.8648136525,9935.15534213441,9792.64802934018,10596.5338867329,11067.3385829761,9068.55375260233,9062.16613179342,9220.87497752025,9353.46222751829,8412.55586437479,9737.4271522388,9480.39529861987,9996.04050842852,9581.90460744709,9453.85222237715,9522.52078821638,9719.7799226223,8762.28271289109,8890.96859315417,8564.08713384617,8961.15976512339,9235.82207912828,9205.70487701191,10593.9125076525,10665.2135711879,10378.1743128631,10168.0480689478,10855.4998139265,11188.3532940225,12002.520791268,11978.0614478908,12755.9892416502,12118.7077740014,12114.8286341569,12273.9213655023,10801.9986560181,12148.8539218532,11552.5183618063,11475.3524093749,11243.9122558395,11957.713484227,9960.33902896674,10188.2033848077,10152.8392979646,11134.9631310286,9959.1260984771,10551.875938171,12741.717501108,11113.040082174,12612.6231083628,11421.4062271324,12217.4001431328,12017.8084395042
,78,9727.96712529572,9853.73253183162,9541.2111957988,9954.2261188276,9211.45551411922,9278.21225128057,7732.92231246739,7578.51173461215,7751.65887457997,7454.81908697673,7220.23231545566,7499.54186547053,10427.055018699,10402.7189273759,9969.22991359699,11148.8609350825,10932.4331141191,10333.5886383208,9873.95584205441,10063.5486944707,9880.57000461808,9912.42386202334,10495.4730411319,9547.40871587125,10900.6895644095,10877.4925214575,10702.021478749,11270.6165428073,11004.7337735171,11418.8244672408,10849.2964502125,10136.9141941839,10687.9059131946,10154.8302428563,10522.2234834437,9976.11440989389,8533.34044312101,8325.48213105697,8812.63066846676,8726.29518162455,8736.70648745396,8840.56770056194,10244.8528792155,10302.9674560614,9759.05595084286,9616.83733262065,10405.8006688038,10874.3237628162,8907.78189831187,8891.27977833629,9050.87870056487,9180.81423046618,8264.64482216908,9554.65622399056,9292.87585851104,9807.14850366143,9400.55360498692,9274.76657939192,9346.53256314712,9544.80043686634,8607.92523895693,8726.7869474776,8405.78063943483,8792.90226113686,9063.80379568715,9031.96419116935,10400.3692496839,10470.3441703616,10182.9244419292,9976.70250063078,10658.3425229798,10992.8887553032,11792.4012142946,11765.2150111518,12523.4691871032,11900.875235491,11901.2675709854,12055.0181613008,10615.4186387345,11928.5741323256,11350.6958884241,11272.3360946969,11047.5074402371,11753.3431159508,9784.73223796895,9999.62630035331,9971.53785065289,10932.3615216441,9777.34315615561,10356.9125055033,12513.4256186944,10919.2009918213,12388.6981281197,11223.0498367178,12003.3154283834,11814.4386328453
,78.5,9535.11529180094,9667.57496908689,9359.04963449007,9763.3461611761,9035.42733609054,9096.74721081211,7586.1212161544,7431.61268142207,7604.80592231577,7311.33494453794,7086.85218241883,7362.9338589587,10233.7672932328,10214.6834869604,9781.51444345815,10937.0809773057,10727.3189798283,10142.0518504451,9689.80051605661,9871.83968382861,9694.25652898773,9724.12556306318,10300.3474640678,9374.78241393314,10702.2877419586,10670.1140035321,10499.852179377,11054.1964380902,10795.5468632481,11200.4288094667,10640.4030151285,9945.73211381406,10484.5400964586,9964.49879064628,10330.6159231627,9796.16270261489,8376.23955447672,8170.29703156368,8641.11228186951,8557.47698632849,8565.16160877294,8666.93116918064,10051.783162911,10111.0262798332,9579.37815751289,9437.05079908935,10211.2459628374,10677.6646676821,8743.37260762223,8716.26046261139,8878.01762430135,9004.70411361762,8113.86192945673,9368.55385481472,9102.63509747659,9614.8438579107,9215.54964781103,9091.67521044592,9167.12947079168,9366.01422967141,8449.79938293852,8558.07807243549,8244.49971371154,8621.23728423652,8888.69013461679,8855.24733308489,10203.0530505167,10271.0707917086,9982.60890467889,9780.81026212799,10456.3327266109,10792.9604455353,11576.8639215112,11547.0208459866,12286.459976206,11679.1552823115,11683.5694007785,11831.7767685942,10424.6118784298,11703.0127478364,11143.8391616381,11064.6996585131,10846.470412354,11544.5421689295,9603.80792370803,9806.85390389602,9786.21005991537,10726.1328825698,9591.63408393547,10157.7127840162,12280.4272887009,10721.2285501668,12160.3160767049,11020.3553820741,11784.140901741,11605.9011188107
,79,9336.01957157973,9473.23354665713,9168.74581982399,9563.50482066608,8851.83869510803,8909.10461233274,7434.64280751809,7279.85408377705,7452.95834300201,7162.9542802947,6947.36476053209,7221.86455058684,10032.1428657588,10018.0429020971,9586.63854420341,10717.233942734,10513.9520199575,9943.26238009662,9498.02657963268,9672.88739273809,9500.0788270807,9527.97578131928,10097.3685480774,9195.78687207147,10494.8668320354,10453.4229453811,10289.8875572371,10829.5487144865,10578.2690819932,10973.2772830653,10423.3230305349,9747.65086777788,10273.373198848,9766.60774083295,10131.876172431,9608.83267205892,8213.42144806925,8009.21873370844,8463.64089309201,8382.34633778534,8386.85837325757,8486.64357225101,9851.2172190586,9910.87030686922,9392.44969405646,9249.62573804068,10010.7850044606,10474.3518016827,8571.94301471725,8534.60108794171,8697.66220344574,8821.44653954381,7956.78113476556,9175.44401539782,8906.04068516887,9415.6212182799,9023.21173322218,8901.55896114725,8981.73270075715,9181.18787614585,8284.81963079389,8381.98090797499,8077.23075530928,8443.18804240161,8707.72702304733,8672.24512280934,9997.86111297955,10063.1699950391,9774.13619224173,9577.74121393666,10245.9472058922,10584.9504549669,11351.899178338,11320.0137449415,12042.0833707273,11449.4921218211,11458.2352375587,11600.059639091,10225.7703180084,11468.7301617473,10928.5479314401,10848.7293207262,10637.7308964836,11327.4369059307,9414.23286790341,9606.54433964136,9593.00228985314,10512.1495102945,9398.47982744409,9949.78633140275,12038.6061850528,10515.6912899457,11922.9401269671,10810.0962621974,11556.8988115876,11388.8436747601
,79.5,9124.98800919592,9262.80451223166,8964.24544370366,9347.44052945835,8654.65151106306,8708.87184946744,7273.62133334606,7118.46733964281,7292.05982910041,7006.05890096022,6798.69716890931,7073.47794707174,9815.1509802916,9805.15369691455,9377.54059232285,10480.9386438477,10284.7747722753,9729.50597657957,9291.69491941925,9459.49520330596,9290.86341879214,9316.89574038262,9878.92812111606,9003.68902301104,10270.5384941659,10219.7570408385,10064.8294560409,10588.4530319755,10344.8985174163,10729.3793536967,10189.6729480438,9534.90885686116,10046.3463715351,9554.21287610556,9919.17364496025,9408.61840261543,8039.5681916368,7837.44407333046,8274.04390623021,8195.44878936681,8196.72899537534,8292.92929284586,9635.99180025652,9695.51583792525,9190.62786969502,9048.85624503422,9797.67495516406,10258.7020022471,8387.9073291889,8340.30619575389,8504.48151944814,8625.64754353666,7787.76309318594,8968.45810440921,8696.45262097466,9202.35285040676,8816.8093353021,8698.72191125561,8783.60279083815,8984.27831624792,8106.12888887045,8191.70889839779,7898.1952390138,8252.16116789986,8514.59171647949,8477.07401203714,9777.72445657355,9839.54766588855,9549.79112131269,9359.91461735649,10020.0330117819,10361.8115813007,11108.5335224783,11075.7156630326,11781.2044660686,11203.3100921945,11216.5237841558,11352.5564075533,10010.929448236,11217.327066956,10696.7605521664,10617.6076563157,10413.2090132745,11093.723680654,9207.79714931334,9389.89340321993,9384.87794962029,10282.7103002185,9190.0260547561,9725.50682926792,11779.6087088784,10295.0801577052,11667.7320833507,10584.4637120613,11312.8986632371,11154.8779209842
,80,8888.71051466215,9019.82501887292,8728.61846503485,9099.51921511324,8431.64323803492,8482.57390300122,7093.88365187725,6938.21142967662,7112.32514408084,6832.59973687711,6633.17593992484,6909.22039429769,9565.81470105559,9559.07539797799,9138.52135283011,10210.0143258639,10022.6042814482,9484.6747021603,9055.25338139254,9215.86459712575,9049.57047144622,9074.72445792737,9628.26203528221,8783.88413773497,10011.2527593226,9951.7381628601,9806.96349350704,10312.7596478619,10076.8979736675,10449.1547646988,9920.87349478344,9290.35923416698,9785.38593579331,9311.48689519497,9675.78909603838,9180.30623450787,7843.01057497505,7642.05570158555,8059.66944939679,7984.18542651235,7982.1135894226,8072.44050213431,9388.70344014349,9447.76128928035,8959.36761963697,8820.27656337482,9557.24934636539,10016.5358452954,8177.94136662095,8120.09780957194,8284.82051678002,8402.75995923578,7595.00571512265,8732.67952070668,8459.38747720897,8959.0684305627,8581.34848355393,8469.07292098722,8558.9564197406,8762.92797297883,7901.17624811795,7974.32502733923,7694.91767718761,8036.23918424771,8295.38630629643,8254.9714547163,9524.67434506086,9583.1367039566,9292.11978449401,9110.02599749261,9761.82435398553,10106.5200986852,10825.4666334713,10793.6204006102,11482.4571880503,10921.928992538,10939.3456725182,11068.3211977107,9762.39493559247,10930.1956718267,10429.8945614762,10352.1468492392,10155.538250313,10825.0703191317,8966.59461463174,9139.12264905237,9145.36811911608,10020.007561326,8949.84582714352,9467.5785318611,11483.1708440087,10041.6772166765,11374.6691137317,10323.1908336925,11032.3333016605,10885.4771308601
,80.5,8603.80265985767,8712.47046085857,8431.2148813624,8789.84112777393,8157.080644652,8203.50943158857,6876.32635091675,6721.21018911639,6894.29335471045,6625.49922995176,6436.00434667676,6714.47478227082,9250.02742463336,9245.60141184608,8836.90147772292,9867.40574669481,9691.28411623311,9174.14892296718,8757.0719412699,8909.41078747424,8743.78534964851,8770.63198470671,9313.20460498497,8506.75086320007,9681.85841957139,9613.7993244613,9481.7518428848,9964.45822504572,9736.78417821308,10092.5823834509,9579.86281763167,8979.98680673449,9454.19681267406,9005.48437552389,9367.89394172504,8893.24148455816,7600.42078171523,7399.07677557711,7795.34098802937,7723.45420528306,7717.33080209415,7798.63252695259,9074.95249905575,9133.24647179726,8667.3485205257,8533.65831556903,9258.53701101037,9718.75170865614,7915.93773142876,7847.06962767439,8010.21497578483,8124.76397225416,7353.3139478994,8437.84634051894,8164.70136702512,8654.47805426838,8286.96697420964,8183.56947841438,8279.41874851646,8490.88455341328,7642.70310843616,7702.5082375297,7441.11466374753,7769.0589785711,8022.20659425499,7977.27225420485,9202.22572227153,9257.11581740119,8965.41456148066,8793.59044809038,9434.13766202767,9783.10745425899,10455.1569949254,10429.6449988486,11099.7463875038,10562.9454195701,10585.2169179067,10704.3362121352,9439.95516134009,10564.4440280128,10085.1207077484,10010.867114011,9824.69533615259,10479.7437678322,8654.03014946266,8817.08231046829,8838.44897581385,9686.56868572878,8644.51059004831,9139.93834282324,11106.9865580457,9716.12864317738,10999.1477541669,9984.7751323577,10670.8061167381,10538.3225521862
,81,8216.99300071372,8266.46493210032,8003.28296645835,8349.45497996211,7768.90929570219,7809.60105553243,6574.96752056226,6423.09723477856,6590.53936768981,6343.44623871558,6168.97902121681,6451.5417870874,8788.50082772771,8783.64017596939,8395.53807478018,9364.36968606502,9203.79046618604,8716.07630740783,8322.05458046928,8464.10551453498,8296.85171214679,8330.57197605965,8855.32213031879,8105.80161793978,9200.57649446071,9122.6356821431,9005.46104972565,9453.55189584649,9233.385713386,9564.21579867049,9079.55179676502,8525.9591687115,8964.64741867484,8556.65990030062,8912.40126093867,8475.32293834301,7260.30444347855,7053.52858040629,7423.66159061329,7356.95297761476,7342.23435122797,7409.69516683598,8611.82101204303,8667.01464137703,8238.02363101873,8116.38179794639,8822.60656985529,9292.49129417004,7544.99513002114,7462.13493527664,7619.28341040433,7731.50841042682,7006.79526765583,8012.78319066062,7742.53921548183,8214.68923433575,7862.98945747645,7777.2613343911,7877.75464128273,8106.15043023222,7269.4733096006,7315.83769757648,7080.49981436231,7390.95684872654,7630.71346776193,7577.19129452343,8725.74699426545,8775.07579421484,8488.98874966512,8333.22033457705,8947.78134284991,9303.5060487263,9883.9633834769,9873.2065066572,10518.3437476652,10019.2897070963,10048.0645558491,10152.3941555969,8946.13606626601,10014.586669966,9556.20809470221,9489.36923489416,9316.28172771435,9949.63931599119,8187.18100498671,8341.46008631197,8380.15654660309,9195.43088749912,8198.32885470101,8660.43660293541,10542.8453123365,9220.83015365404,10425.3127561287,9462.82591672268,10117.4165032763,10006.1934187915
,81.5,7654.42359436757,7632.35182370065,7394.62093738517,7719.38741638705,7209.91364749149,7243.95095045771,6145.27562192574,6001.55742365723,6156.98544650604,5941.83073678349,5791.06181515636,6074.72315724892,8117.52143056819,8111.54579986913,7756.03203127718,8638.48685205555,8493.19067683474,8049.35909471653,7692.75805498005,7820.52859862186,7656.80812608774,7697.17366020752,8186.88416878063,7518.77955877675,8496.83445272169,8412.75408493729,8311.9707566635,8710.89803129739,8504.03991813376,8799.42034993003,8359.40202635579,7869.48487740186,8259.61125031463,7905.42608333966,8244.27824780579,7859.9384058834,6767.13718015188,6559.18162526088,6892.3625365031,6832.8835871075,6810.8787597657,6860.98665399482,7944.26666365028,7994.14670798256,7616.84062321762,7513.96255363896,8178.16767797839,8646.53231580787,7010.57548583009,6916.91492359145,7061.10160747658,7167.48688657903,6511.98670508426,7408.24265553161,7148.89003513814,7591.64858148936,7265.11815315934,7201.75790105761,7298.93827129845,7540.60802820862,6739.34509005557,6772.09228496609,6570.18058092363,6853.79404686076,7072.82766658287,7009.94935234939,8041.02609078288,8084.50045055297,7815.20004322344,7679.21655931568,8245.78469675647,8596.6922734136,9060.9434228716,9066.14063016685,9668.39739987352,9223.35076367906,9258.50741251403,9344.26047840047,8234.44662107575,9212.81028258117,8788.01601335487,8731.23088808326,8575.99918467281,9167.61275380162,7529.00914455574,7669.77443026116,7723.53765406079,8481.09899670944,7562.31457920921,7977.20690758255,9712.51926776204,8497.80486740698,9584.10450299336,8703.13923001178,9306.07230309305,9220.17912867376
,82,6924.83229393593,6829.51511978425,6623.03308806211,6917.63645388054,6494.95547669883,6522.04695993786,5599.10159583735,5468.05554131488,5605.22781549706,5430.46242466431,5310.68744157871,5590.19462063849,7254.37227147065,7247.58835697974,6935.73136044768,7709.83534309077,7578.6307742749,7192.42789664184,6886.98870283672,6996.96181237333,6842.21155369333,6888.28013296169,7325.00414807835,6760.48070886865,7588.53078807221,7502.96529718227,7419.09880924792,7756.58889663761,7568.2845647813,7819.09279768177,7440.65505032313,7029.42209322498,7359.17160704116,7068.90509597294,7379.44113509431,7060.22911447523,6132.3652911337,5929.54715792121,6215.99708517627,6165.533806658,6138.62791213242,6169.33645934155,7091.27613250676,7132.9981612486,6821.59112080216,6742.60517089467,7340.04477694445,7787.92796278085,6326.57296839566,6227.96022427944,6350.61257460723,6447.25381556838,5883.37860478313,6642.76126385637,6401.72853394116,6803.5412443216,6511.79591893036,6474.13356885046,6559.29132261529,6806.02155233102,6069.30657211363,6089.22089517692,5925.82377668679,6173.00033464485,6364.97914408298,6292.62765702157,7166.65671102127,7204.80818256019,6964.49417112208,6851.43433948866,7347.24987322239,7680.07249909962,8009.49021346389,8030.21700212228,8571.40596566697,8194.2454076716,8236.55425005914,8298.41575590892,7325.07570073363,8180.07134873125,7800.27544872524,7754.84924414443,7623.88235250596,8153.0256592509,6701.62676580709,6823.87044013909,6887.51544071456,7562.27556296357,6755.77731834896,7110.52964283149,8634.80887021033,7564.90622797708,8496.71174694298,7724.57124486659,8257.10359147578,8198.98605379597
,82.5,6061.89086462121,5900.04806727436,5730.27960544268,5984.48899006432,5658.06964389383,5678.29703446336,4962.01126503884,4847.35215106699,4960.81298075093,4831.88088449369,4749.85757286041,5019.41603961827,6242.46925198025,6235.56812387566,5975.43898523103,6624.63496271778,6503.80980707973,6186.14905995219,5944.47211260612,6033.97540775082,5895.70014097277,5945.0698644457,6312.52634339165,5868.39042304155,6521.14414963363,6439.07536344808,6371.11803530174,6636.98962343469,6472.3683255595,6671.46049793522,6369.60597599477,6047.90964345955,6308.03188823505,6088.03028085362,6359.96014852634,6114.25167859227,5386.1922201851,5196.78199273305,5427.70374415253,5387.35626779265,5358.03788505051,5369.34295228905,6095.08609364418,6126.1874742723,5890.62966896768,5839.81213613305,6345.4059688004,6752.92103626735,5527.00189031563,5429.20365498968,5523.10975982157,5606.30241619106,5151.89228532512,5754.19001996281,5538.97079399644,5889.95653090728,5641.30232882793,5630.24529038316,5693.89412148526,5934.86263798213,5292.99688310359,5301.50747788217,5179.45377656857,5381.54569089944,5541.99320778878,5461.24709717632,6147.2595565019,6179.94899643605,5981.00255487062,5892.21288693267,6295.2933239748,6596.313207561,6782.45124477338,6816.48597047342,7279.68262882772,6980.364629125,7029.54756639295,7064.56439570484,6262.26208137073,6964.40434247462,6640.08199687595,6607.08515910197,6503.65304404667,6951.88334370627,5749.54868050996,5848.12685420528,5913.94126389422,6482.83442060057,5819.72311914393,6104.79949643882,7359.59421071392,6466.84375329365,7213.43445405132,6575.39028894922,7019.32778139299,6989.81805467864
,83,5124.34098243561,4919.45016569229,4788.4252979609,4992.4223635653,4761.88603608781,4776.26220659594,4280.46142496864,4184.74081364386,4271.01495184345,4187.57293636261,4147.29963783805,4399.76346235632,5161.01344405,5155.41046550689,4950.35806010993,5469.50121232602,5352.69995658858,5110.09545930531,4939.35077710014,5007.63026832339,4893.30820256394,4940.95682491082,5225.99873860526,4910.37612379506,5376.95236931916,5304.50751723552,5248.91144628774,5439.92264440873,5303.9425970757,5449.19476378286,5232.9076080339,5003.46910817891,5191.03745763906,5039.80848273918,5264.40406545512,5092.97179591443,4583.67878797844,4418.06326562992,4588.14237948319,4558.28541417104,4530.72335022078,4525.23847964718,5036.06755480548,5055.02069327262,4897.84620302513,4877.1185862616,5267.23408639031,5610.62368985541,4673.04703791057,4584.27473234224,4643.96099549242,4709.97594259746,4375.15828286577,4813.91616652967,4630.43649219274,4924.91273895923,4724.3731665649,4737.34504364208,4769.36268836571,4990.21900890212,4474.32804306185,4473.89879753048,4391.26066230724,4541.76019751623,4669.56693444458,4583.33410610104,5066.10458771668,5094.32214796423,4946.73053545825,4882.01958203734,5175.13318372368,5428.86971799384,5487.16210462641,5526.09459553388,5897.25254773098,5677.75506994075,5732.32103184876,5740.71754173485,5136.64265297941,5663.38690237486,5404.60928130085,5382.72566262546,5307.37308492077,5660.20784471786,4757.42304524428,4827.10055909317,4884.73082740709,5328.60246201078,4831.57924129167,5042.70697172984,5984.34108714197,5292.51757669007,5836.90474422242,5351.31692593596,5693.37342926048,5688.89612459361
,83.5,4230.91154125402,4049.48932627512,3947.91501458287,4093.82136960183,3941.35030030806,3952.54461460967,3654.30407737695,3577.28091278451,3639.85131184713,3588.73007967226,3587.49161872705,3813.09572942336,4181.61969475654,4181.94888178416,4027.37105599729,4435.98064760694,4313.14823252351,4140.73349202195,4034.03739907288,4082.69945261263,4000.41527915592,4036.50898156498,4234.49429077034,4031.00329431805,4333.60392521015,4279.45698980202,4234.27038878708,4359.40124860691,4258.11490159678,4357.80844500925,4218.58936318953,4065.42637251777,4197.46560040035,4094.27957517875,4270.13765920205,4152.65670276514,3838.17785309789,3713.02957956129,3821.58319989324,3801.83766860882,3787.49390558579,3771.48667036416,4093.78721249907,4101.23173546199,4006.90664022333,4010.45261947998,4275.50728270219,4518.71184875788,3890.16352844137,3822.91519440791,3847.67412193041,3891.69135362748,3675.9234258278,3976.0634520804,3826.63561294293,4068.40822812794,3913.54473969373,3938.70247675558,3931.97453635261,4107.43214024538,3746.28836623505,3738.10034741862,3685.3725327773,3783.70247988675,3887.79242707355,3802.73876719942,4106.36576978231,4134.94780759974,4037.08619865432,3989.23863151981,4179.99646166088,4366.86851340425,4365.7560176532,4394.57276575176,4668.6721363907,4514.93634760831,4571.97566980973,4558.68176313999,4156.35413313553,4503.53920022175,4320.79544254608,4304.29216750735,4257.31575750274,4507.22926664244,3903.72824000179,3939.43813562956,3979.67186553455,4287.51393203169,3955.39044757763,4101.35472272395,4741.30326474907,4250.82213933429,4612.67278139789,4278.13193873086,4516.9010234235,4524.92654904992
,84,3544.82938752603,3406.94555473626,3326.63161503775,3424.15064688564,3326.75839161069,3336.09400716783,3184.65433880064,3121.6909081487,3167.45496875047,3136.45980711625,3164.59241801906,3364.31044522577,3450.71791295738,3456.97068729591,3340.13457180294,3667.88073330511,3537.65629756643,3418.32909470383,3360.50538386392,3394.1526530363,3339.19075787823,3363.88619369967,3491.84752983923,3370.38577113266,3552.03159953699,3514.96634369627,3476.24132178366,3553.92808506253,3480.56180722515,3547.2404954642,3467.05261227825,3368.56174332039,3461.09567705653,3389.09960543207,3525.59411247729,3443.60831894364,3274.70547146532,3187.916414845,3248.55480946676,3236.19447046009,3235.6239590222,3213.51936000499,3395.08726109145,3393.83381321093,3344.64601446651,3365.65219572341,3527.85464754349,3677.084053311,3302.96988180339,3257.06613570638,3254.02115837196,3279.50554881398,3155.76333232248,3356.23994335182,3233.47475949652,3434.9178657774,3315.41071756387,3346.62908178161,3307.05419160156,3437.8880138769,3208.6619908814,3195.01399989606,3162.03595060304,3219.31201622278,3307.75966603648,3225.78615003128,3395.39128043692,3425.70601461815,3366.95206133811,3330.58373491065,3441.46462368816,3571.19439748066,3541.05964693085,3557.59150685218,3754.14364429913,3647.29603962314,3705.79325632467,3676.29875185034,3433.22503818856,3640.28819726236,3518.18087157066,3504.60693547672,3479.73412062853,3647.02984711322,3280.63247997194,3288.47142409172,3311.13389217309,3510.28894911051,3307.50555258955,3405.2946866823,3808.51274445181,3475.70794618944,3699.83602849558,3482.89004509073,3640.86395560864,3654.76910049853
,84.5,3073.78550605245,2983.60699154888,2916.24846461276,2977.54277939592,2913.70584145115,2922.30371729559,2868.13070497068,2814.80946904501,2849.66965129207,2828.98061965446,2877.57992946182,3055.88087503393,2963.73944057534,2974.83233648207,2882.99371721786,3158.08046982988,3020.05744779404,2936.83734283103,2912.2071316797,2935.92425384466,2902.11374664379,2916.53446762429,2994.11547499459,2926.1365523327,3028.68322291702,3005.49769327915,2970.44555631984,3016.96327180991,2964.79087226658,3009.61787931135,2969.81806435837,2905.95235073428,2973.95814895341,2919.25962288547,3027.19760174618,2965.04231234025,2893.33315619843,2837.84416403839,2864.69661290722,2857.25642038122,2868.37856636078,2843.83886959568,2932.10671157556,2925.497506138,2904.44492984604,2936.63113725689,3022.40376355606,3096.98062784459,2908.61178457754,2880.27546675709,2857.70799974017,2869.16064528085,2809.23965862761,2946.05330216673,2842.44945170584,3016.47579403232,2921.10784513742,2953.7160888599,2889.14653540605,2982.38631317579,2853.60682054379,2836.526345969,2814.68532541761,2843.45349895598,2922.87622350627,2844.60163236195,2925.86102618687,2958.3512477828,2927.06646972293,2897.11115975235,2952.60223650648,3037.70587047054,3003.34588379326,3007.40646161225,3147.40005246644,3070.29421054024,3128.68084045845,3089.45130115376,2958.86622777621,3066.83584201933,2989.63622927204,2977.02663224227,2967.02750745793,3074.71967384896,2877.06505501405,2864.04639227706,2871.68460045087,2991.60792105299,2880.16846137234,2946.32014260453,3183.32335171523,2962.54665931377,3093.00520881,2959.21787617922,3059.80730403114,3074.608009364
,85,2797.44894854901,2754.87162966564,2692.89909937919,2729.97990937154,2681.7496665283,2690.68070716925,2689.15420309039,2641.84022055121,2670.88957061506,2652.54790803103,2713.03851162875,2874.93592605705,2695.06128860477,2709.73221884628,2631.83378067427,2879.54966607094,2735.09112527211,2672.40208954267,2666.22394886458,2684.00663422037,2664.46457932524,2670.59704068274,2716.6554888947,2676.35152439008,2737.27827028846,2724.44531700327,2691.11266768257,2721.49527288772,2683.76194816378,2717.35166575991,2699.99705185973,2653.1608378667,2710.290001247,2660.86116917561,2750.53930459025,2695.52106876448,2676.25667469389,2644.0375252136,2650.24138373765,2645.72374132209,2666.46593889719,2642.09637271795,2680.98997683621,2671.79416785354,2663.61336885958,2700.95704702905,2737.46308862799,2757.13232287786,2686.96478088856,2672.71905299769,2638.53690234245,2640.23340953397,2617.96433559726,2722.99301708159,2630.90474680155,2789.67722417295,2707.89291819103,2738.77300446734,2657.77581140177,2721.76052866725,2661.07903016402,2641.93123549512,2624.36732252568,2635.86128663097,2712.32790017688,2638.22026706519,2672.06677722863,2707.06977212836,2691.40277600871,2664.51136376528,2688.08228821224,2741.24118161979,2722.4291325034,2714.51913555877,2818.30800838711,2755.7828069892,2813.26461977208,2769.68713077589,2708.08030779885,2755.31769203424,2707.84159491621,2694.63578835905,2693.27400327106,2763.81512105993,2667.2006989376,2640.29670850254,2637.00129294213,2706.26119964458,2649.38964320794,2698.28549993887,2836.96311078008,2685.10492666913,2763.56532819604,2680.20776361632,2745.74991492137,2757.40117764287
,85.5,2682.78946127885,2679.03068328865,2616.58768164582,2640.96215250604,2596.22059965293,2605.59834881951,2621.14192569788,2576.49568871604,2604.53225337063,2583.47834624274,2648.50464004986,2800.2147776514,2601.01217301996,2617.7800343499,2545.35110779868,2784.36756923995,2635.97903876759,2581.27543927708,2581.18361358426,2596.16916540261,2584.17082029982,2585.5361178288,2616.99395338883,2583.44714739633,2632.34718485266,2625.31883501715,2593.23084638379,2618.65663517718,2588.987959757,2619.53525014173,2609.69989249507,2566.49057478788,2623.22432404256,2570.82680973054,2652.54708312838,2595.71522280727,2592.47558463771,2574.32155637244,2571.06816770122,2567.6237159975,2595.64110435128,2572.02491064627,2597.12957766718,2587.48389688071,2581.34577520881,2618.82722486111,2632.47711521218,2618.65500095406,2604.50219586845,2598.62254881405,2560.18112832668,2556.48892724615,2550.2675234803,2647.50389516802,2560.27688701038,2713.61434385592,2636.66896466262,2664.26982833513,2575.70489357631,2620.64626621715,2595.64202459382,2575.1638721246,2557.79638523198,2561.8949171509,2639.65725664739,2568.88309889962,2588.35671118685,2625.55735150093,2615.19753876158,2588.17760597971,2601.24106360533,2636.02967691888,2639.83008566741,2623.51228753712,2710.1560389367,2651.43123000903,2707.68575524662,2662.79538055243,2631.41516807948,2652.30441444091,2619.94268050579,2605.06450566592,2608.52887774233,2661.79462070155,2604.71372568023,2571.03520097496,2561.96875201043,2606.69042463829,2572.51899599338,2615.74753577241,2716.29270917729,2594.8316178859,2654.89225420132,2593.33277132706,2643.5511629057,2650.82700680598
,86,2665.70010090427,2670.19446044506,2607.639805718,2629.72804446855,2585.36680142912,2594.48278373667,2611.10838467192,2567.07147222538,2595.10953594955,2572.80039933835,2638.84526408993,2787.85952878452,2591.28512283061,2607.31630047217,2535.75373064253,2772.0999869512,2624.38412571606,2570.84685375646,2571.54594220253,2585.85207337902,2574.43651075888,2576.23753990638,2605.76396548776,2571.56431743467,2620.10003995344,2613.47789266432,2581.23849462632,2606.62794396458,2578.15162735706,2607.78641260128,2599.67857776659,2557.23398018509,2613.15600266762,2560.44415068001,2640.19590408724,2583.31771219341,2581.75777021394,2565.26928956872,2561.43345995239,2557.68138864707,2586.40538823563,2562.75949037806,2586.34249906706,2577.16083537645,2571.6766471335,2608.45766335887,2618.21123675748,2598.60795738034,2594.13125500232,2589.09953597725,2551.08862026055,2546.80722914212,2540.62672639583,2637.97334139493,2551.29008331337,2703.66649909061,2626.881371471,2654.04399621269,2565.56857575618,2607.55755326137,2587.54224814951,2566.7186829603,2548.94936950908,2552.39863321558,2630.35526255003,2560.64289198077,2578.18055425786,2615.4847831205,2605.97607855334,2579.1285597662,2590.17446408494,2623.22783398958,2629.31321457911,2611.54441575378,2695.24427025813,2637.46729284847,2693.38735660363,2648.37007961257,2620.35144388878,2639.08098934151,2607.76371759726,2592.7626575309,2596.81036433258,2649.11492051462,2596.03353494756,2561.99934159706,2552.50601874962,2594.26394681158,2563.27490242207,2605.77652925656,2699.44431337229,2582.28734185721,2639.40420139328,2580.98755000448,2628.97212019063,2635.54810884647
,86.5,2659.55772476036,2664.85129535444,2601.61571167372,2623.20977157684,2579.32125136989,2587.85835341105,2604.63101629315,2561.45440962742,2588.61694280248,2566.54676337954,2633.03253961136,2781.22018114096,2586.71185236084,2601.75121103582,2530.97506611078,2764.96157973272,2618.17473179883,2565.37931834822,2566.09252731857,2580.58629631296,2568.74303805966,2571.30389826311,2600.19053346827,2565.39416135789,2614.51195274135,2607.41896212222,2575.77066616267,2599.91759610229,2572.50382947244,2601.09692290487,2593.84477871005,2552.18854307049,2607.42739924705,2555.35976790436,2634.09829224288,2577.94691249005,2577.22838871664,2560.11600855099,2555.72417594837,2552.35871969236,2580.61237329334,2556.58755512627,2579.85204266298,2570.74637646331,2565.97495978686,2601.90687903852,2610.76366553109,2591.35472934693,2589.35363811589,2583.83579446124,2546.22556207837,2541.68802250292,2534.62975332418,2631.75779665406,2545.57733456096,2696.96443406495,2619.83748272646,2647.22671995035,2559.62346945892,2601.74976820217,2582.08214677237,2561.23502742845,2543.22780094798,2546.90854139824,2624.69809281474,2555.53018734611,2572.33521877645,2608.99419557689,2600.28555185968,2573.84673925363,2583.70921178138,2616.42289715227,2623.10724398306,2604.86172959135,2687.06989319057,2630.33948052673,2685.57216529662,2641.00624127591,2613.1192327047,2631.96732423085,2600.91714442253,2585.66032268224,2589.24637380114,2642.76928097795,2589.9473060025,2556.28692199318,2547.06850075288,2587.77019608233,2558.0370062527,2599.80863981526,2690.83869780862,2575.24887541686,2631.59043210964,2574.25625949544,2621.00496985083,2627.36854004484
,87,2653.58141132597,2659.54646059248,2596.39562400436,2617.05169082411,2573.82453927542,2581.68767848021,2598.45407794045,2556.27900561532,2582.11593981622,2560.57572303843,2627.24813674492,2774.94843935602,2582.04564283265,2596.22712377114,2526.23325114846,2758.55527599917,2612.36187778519,2560.11559716011,2561.44577439328,2575.56474469858,2563.71805776367,2566.92433842113,2595.2913408471,2559.59432297026,2609.36764074061,2601.9530063307,2570.58438415171,2593.86050075623,2566.90602073936,2595.23253854646,2587.9612053454,2547.29907813092,2601.97141390374,2550.37210100711,2629.05622407397,2573.56496885994,2573.02401481871,2555.26626134073,2550.68548497021,2547.43829552713,2575.28991893198,2550.92084875916,2574.18195776809,2564.73844961125,2560.51748434801,2595.52629939685,2604.19114710496,2584.74436947267,2585.15520904368,2579.14288509158,2541.91234862,2537.34341160572,2529.24406606525,2625.36009626976,2540.49370462087,2690.44885175574,2613.11610923518,2640.52088716035,2554.14627115891,2596.63937816438,2577.02222161098,2555.5740002483,2537.94050765299,2541.40429584796,2619.10762671944,2550.54617537812,2567.23926869947,2602.97258878179,2594.88073369534,2568.93365304349,2577.59851404443,2610.04184070041,2617.31515647254,2598.60713594127,2679.67287910965,2623.82257412281,2678.17778400804,2634.24121981447,2606.61709630088,2625.52651000938,2594.77913593078,2579.18873707747,2581.69408286698,2636.59497884279,2584.01863371471,2550.77880479391,2541.62580883446,2581.96814741394,2553.15883838669,2594.41737623588,2683.50141628907,2568.23836664542,2624.94371572025,2568.67352899921,2613.73790153244,2620.17112461892
,87.5,2648.05263381849,2654.02013383158,2591.19082258514,2611.65140871046,2568.24447816079,2575.47151435612,2592.23840327236,2550.83700561026,2575.74107801696,2554.66839900371,2621.29210433716,2768.97562791232,2577.28914326904,2591.06226468984,2521.91843607108,2752.39752787812,2606.56906483512,2555.2820857747,2556.55282695724,2570.55327229542,2559.0045665625,2562.48133397526,2590.3223986278,2553.97886044213,2604.66814775708,2596.537531635,2565.57677198888,2587.89489955627,2561.66587282968,2589.47536449051,2582.07983807134,2542.29207878053,2596.32807436061,2545.33985241461,2624.33616515622,2569.12428542037,2568.86536317401,2550.27066607292,2545.7241009183,2542.44451252363,2570.50471606204,2545.62237568392,2568.63222411809,2558.64401586774,2555.20185623929,2589.46875393004,2597.685505768,2578.2791741677,2581.3423022896,2574.45896492866,2537.50254886219,2532.95948169881,2524.38986399518,2619.32428014508,2535.67225810505,2684.19801376009,2606.90738411144,2633.67553459035,2548.86340811122,2591.6970933954,2572.65811239502,2550.27379818626,2532.97101851902,2536.30817459416,2613.62231345588,2545.39786308842,2562.03007576697,2597.05402726854,2589.8325549862,2564.05634106614,2571.86650419605,2604.30576885852,2611.29741506246,2592.13530640174,2672.76544841788,2617.13621535461,2671.05874533788,2627.81968835532,2600.10883092684,2619.43188023316,2588.9826252776,2573.1137271022,2574.89133526352,2630.20084723948,2578.39409215783,2545.46082013158,2536.01519546175,2576.21553598028,2548.52283399458,2589.26416102854,2676.73566361311,2561.59191553197,2618.4132814079,2563.11245827659,2606.85646021048,2613.72053573461
,88,2642.37510767367,2648.0871835292,2585.96493742027,2606.10718337896,2562.39910328551,2569.36392028022,2586.27100700603,2545.69577210347,2569.33043470824,2548.77777755215,2615.40995100005,2762.72959931723,2572.33505694213,2585.75548472484,2517.43176124437,2746.52745150278,2601.26606184429,2550.23842638507,2551.71069769411,2565.94858656365,2554.50518093604,2557.57391690709,2585.11483015978,2548.83055291771,2600.23787777383,2591.15451547327,2560.85514581688,2582.39443643372,2556.49439002173,2583.56313331243,2576.08702721365,2537.64993066778,2590.50863621561,2540.53538880981,2619.7294465206,2564.53538294227,2564.51915339681,2545.42556797232,2540.90228984669,2537.71311316908,2565.30349673819,2540.62993881758,2563.24939278725,2552.66599216907,2550.03155155543,2583.84165534065,2591.56096842535,2572.11637008123,2577.27928163339,2569.88356419353,2532.98072890188,2528.22832288242,2519.55914574962,2613.18753933582,2531.02447638077,2677.86354056059,2600.82457415534,2627.29164506896,2543.80981066027,2586.84336709009,2568.65409470124,2545.21977754931,2528.09751573279,2531.13628446659,2607.92420280175,2540.43942142129,2556.32983997776,2591.27551755884,2584.73485031673,2559.15416027542,2566.02835478062,2598.91245837567,2605.17617112554,2585.81038750841,2666.05431308877,2610.59678893129,2664.00741846666,2621.89326811958,2593.88240448814,2613.498383958,2583.22754393826,2567.91292286331,2568.44135405787,2623.52251856315,2573.08661078655,2540.15836746481,2530.53672949962,2570.74636213161,2544.00852176704,2584.13707282504,2670.06484414481,2555.51508185936,2612.61316413779,2557.39743637105,2600.20916600731,2608.00970631374
,88.5,2636.96250918819,2642.25903752061,2581.06538488262,2600.83894134578,2556.63020669632,2563.3449064707,2580.41321885476,2540.79433216888,2562.97892015113,2543.21301323069,2609.40051630331,2756.73529310577,2567.29305619793,2580.28044227442,2512.92227778951,2740.42141445176,2595.94912538831,2545.16093037212,2546.8909797498,2561.38986437669,2550.06074043018,2552.53085362493,2579.7621571604,2543.83850182961,2596.44948494162,2585.98706408669,2556.21786866482,2577.17201606579,2551.56475450424,2578.16426501338,2570.36445400674,2532.88677636641,2584.93839855092,2535.62829425451,2615.20283936805,2559.82866657561,2559.83610544747,2541.04283926496,2536.20988938234,2533.15784773403,2560.2916702645,2535.59686882903,2557.97872847188,2547.00709431612,2544.96291001871,2578.3472203721,2585.34334048102,2565.46459180406,2573.59875215654,2565.33844080106,2528.67604057744,2523.3320735624,2515.41923219548,2607.45388256526,2526.20269882335,2671.63806306245,2595.10175626335,2621.48298097587,2538.84423930303,2581.7635978753,2564.41197416479,2540.14976417195,2523.45904955309,2526.48818891378,2602.95568760044,2535.71389063579,2550.82581956452,2585.55399055368,2579.2425548384,2554.09425389272,2560.3659569776,2593.38293013561,2599.03956437347,2579.68790782433,2659.78400201301,2604.1585869354,2657.00467378307,2615.7723443116,2587.68670917402,2607.8724011856,2577.38673515706,2563.06060719108,2562.253244391,2616.6917218042,2568.0115275341,2535.34092163817,2525.01296348915,2565.45288770202,2539.42103440148,2578.71883156305,2663.81181611505,2549.96533250266,2607.01241328342,2552.02043608216,2594.09628308148,2602.95184624366
,89,2631.41879678962,2636.28249964088,2576.69630321509,2595.56249834524,2550.50451256791,2557.52823877652,2574.88323808741,2535.97861250797,2556.93640754399,2537.54547760781,2603.72097322635,2750.85921722532,2562.66651282665,2574.87273719386,2508.28428440632,2734.23615244542,2590.69008788307,2540.1407848692,2542.23580777513,2556.36768191294,2545.61221446427,2547.79452646346,2574.8023953838,2539.4714586464,2592.81450962766,2580.78878313056,2551.31185633152,2572.30048107815,2546.503969089,2573.06017669986,2564.88828597446,2528.38519183601,2579.27436372445,2530.76327292235,2610.23636843413,2555.10001586982,2554.74100181931,2536.30946182657,2532.0963128079,2528.5942994229,2555.26522914282,2530.85005022021,2552.85003252459,2541.56578892282,2540.01779170954,2573.15645193318,2579.00304228575,2559.35591061495,2569.29192023325,2560.30562341773,2524.46859905099,2518.81923710039,2511.05945067387,2601.59804752029,2521.59997375565,2665.47944699877,2589.79338999988,2616.07566097235,2534.23059530194,2576.45143297187,2560.49439896118,2535.06988639499,2519.27230422063,2522.0297999529,2597.73265360085,2530.94810026921,2545.45012310944,2580.230151839,2573.83651386579,2548.83963407043,2554.77941918834,2588.00426012532,2593.19143359136,2573.76304064914,2653.43720725857,2597.63764345931,2650.29619873708,2609.57912902958,2582.10498937734,2602.10324155316,2571.28251551038,2557.78893735992,2556.61978185669,2609.85055208856,2562.86253355245,2530.83019345409,2519.86578137215,2560.26144189164,2534.70143160798,2573.84052630643,2657.92282616114,2544.90565814442,2601.11365478775,2546.49655864085,2588.26237330298,2598.30740646759
,89.5,2626.49337328516,2630.27481421267,2571.99670476771,2589.98089772875,2544.34659491772,2551.67360718452,2569.43075755969,2531.00675168369,2551.1474428113,2532.44849587189,2598.43771621126,2745.43966432376,2557.81196206762,2570.02031750335,2504.33652281671,2727.63582386596,2585.43718421204,2535.65553022809,2537.19186133303,2551.50960481788,2540.71044802111,2542.95295421647,2569.44396006481,2535.47751879914,2589.24754695122,2575.76721173351,2546.64715735206,2567.21041768469,2541.82892208595,2567.88973115912,2560.11448368351,2523.90761595818,2574.10369724174,2526.38372840157,2604.40494021145,2550.13702091646,2549.61944634562,2531.64994590405,2527.69525858792,2523.95280486455,2550.29430187494,2526.15029139746,2547.8413685794,2536.34693930013,2535.16651159381,2568.09991496503,2572.61059592981,2552.94788631398,2564.78216633206,2555.231126956,2520.46417045013,2514.187010441,2506.54771851434,2596.44304891675,2516.7266801911,2659.54270425864,2584.79673703107,2611.07559452367,2529.48555253289,2571.0918623213,2556.28571892799,2530.73380595494,2515.12267354526,2517.92936000565,2592.91586732409,2526.38898513515,2539.80227678941,2574.55543241576,2568.71955771006,2543.53227981252,2549.10714569277,2582.7309699344,2587.23288339633,2568.10258768312,2647.1853203724,2591.56647384581,2644.15567627265,2603.43145744775,2576.55514296787,2596.50459170115,2565.399141383,2552.54656077943,2551.74121799517,2603.63775688623,2557.97170776047,2526.7514345227,2515.13323835977,2555.18479943919,2530.03257933001,2568.43907444061,2651.97324139523,2540.39503266179,2594.95696801456,2541.1089923035,2582.82372981977,2593.8970218911
,90,2621.49361330587,2624.42856341639,2567.54517757226,2583.81940695818,2538.95554636258,2546.44505245861,2564.29567017459,2526.56121294023,2545.71158175363,2527.7156287229,2593.77846775272,2740.33468262267,2553.29475699274,2564.98338545595,2500.35591067908,2720.94328404378,2580.2627573654,2530.92264336105,2532.28518367528,2546.72164753584,2536.20638804036,2538.53847286854,2564.14459820934,2531.63986030601,2585.34736275556,2570.72276678009,2542.16118913815,2562.26603098367,2536.96933084956,2562.8051629726,2555.62388908707,2519.89805856878,2569.11807818913,2522.09269815945,2599.0315663519,2545.53706788297,2544.2282434114,2527.41959724131,2523.59419082227,2519.74254269392,2545.2081239462,2521.19192785259,2542.96639059113,2531.17400375212,2530.49662852272,2563.19326643844,2566.56238281377,2546.72653370879,2560.20435891259,2550.54377560192,2516.43060225781,2509.74039241945,2502.23043021455,2591.42531089467,2512.14818892112,2653.44660209803,2579.85755769034,2606.37499138092,2524.68198892512,2565.81079222677,2551.78163964814,2526.37963880306,2511.06567402072,2513.89370577163,2588.40747874709,2522.11468991005,2534.57623350772,2568.97597738869,2563.49728226223,2538.38159481942,2543.33536937634,2577.21699188376,2581.60590036673,2563.22789181058,2641.02660185456,2586.29790975098,2638.11256974683,2597.03892140284,2571.05387365032,2590.82373312486,2559.81108104284,2547.28399706991,2546.85031935622,2597.93923445351,2553.12471962232,2522.61105041003,2510.84667919169,2550.26650307378,2525.26526255742,2563.07929168613,2646.04176466618,2535.92611528167,2589.046796481,2536.14694240819,2577.28554987625,2589.47062406292
,90.5,2616.83012420028,2618.80057905099,2563.45515335442,2578.3791223172,2533.80641192651,2541.67580490843,2559.74421654487,2522.30442800535,2540.45149844788,2523.51548414664,2589.25971761742,2735.93985124955,2549.0277895683,2560.14690208856,2496.36990844905,2714.13142431214,2574.92797604952,2526.53974200781,2527.58569700022,2541.83166281821,2531.81181951548,2534.39793058669,2558.87398273218,2527.53589343701,2581.24372878345,2566.04983576567,2537.6876844374,2557.55558234351,2532.41565075162,2558.25806172466,2551.59042371831,2515.79849058049,2564.51924875557,2517.87868281234,2593.46895234359,2541.28927920696,2539.38913930572,2523.2389940421,2519.77224921444,2515.96895571033,2540.68202746689,2516.33787583011,2538.35371740794,2526.09703154557,2526.02238664388,2558.24659271275,2560.45055863507,2540.5660027464,2555.79225418681,2546.11563371105,2512.47199990068,2505.97506514981,2498.31724076009,2586.8216220041,2507.7391016424,2647.65437732783,2575.26366204231,2601.69936015143,2519.92134611204,2560.5679573742,2547.15662636427,2522.06935678384,2507.07721431512,2510.15984149171,2584.44227005925,2517.83766571061,2530.18324360666,2563.33340288337,2558.43494000785,2533.48697135541,2537.83382892275,2571.46403728448,2576.52843362241,2558.62656220007,2635.20749486984,2581.0670111433,2632.48095419517,2591.20069654741,2565.90106852078,2585.31018683007,2554.63027216785,2541.56086640684,2542.05476455971,2592.53571151824,2548.39988489334,2518.90316893678,2506.61459421828,2545.69089376676,2520.71617591715,2558.10736987911,2640.46870390934,2531.57931517557,2583.06717667102,2532.16765171211,2572.49953536755,2584.67856621195
,91,2612.19949743656,2613.42179788943,2559.26831548276,2573.32499961241,2529.01521519456,2537.337390872,2555.81469390483,2518.36398410044,2535.58768937091,2519.50051188592,2585.17917798826,2731.43930088178,2544.59945398481,2555.32237161527,2492.50344141129,2707.81399071508,2569.79469599551,2522.20917731662,2523.29178278229,2537.18034079858,2527.46900273632,2530.38896858679,2554.08304063939,2523.39598679534,2576.62745416793,2561.28431813784,2533.46702962096,2552.87332759135,2527.84869786188,2553.748022051,2547.66857215588,2511.88776803425,2559.98215894,2513.50807166223,2587.89041453474,2537.14053982826,2535.104820375,2519.26501467978,2516.0194296075,2512.26501554467,2536.456574118,2511.82964454589,2533.8023313841,2521.12543742456,2521.75640084672,2553.59110622938,2555.04313977284,2535.43802934601,2550.82135622864,2542.09832152563,2508.3052659849,2502.42746166571,2494.54613508076,2582.27703053845,2503.47788878606,2641.91135929916,2570.84125613441,2596.74270687926,2515.54586696132,2555.57226459682,2542.77923907424,2517.95682641885,2503.35837564766,2506.32920175334,2580.29203314237,2513.5137710995,2525.94759523758,2558.01728731687,2554.22194509063,2529.20128172085,2532.89442184783,2565.93882235905,2571.74688335813,2554.16528318208,2629.01392721119,2576.48329631591,2627.22666790632,2585.92411276288,2560.88576488586,2579.60491523954,2549.82993666916,2536.00398240142,2537.50477219982,2587.57308599256,2543.63136060706,2515.07273865783,2502.98189334712,2541.30725032084,2516.3685189406,2553.38205853626,2635.01993183356,2527.40714916515,2577.45223285871,2528.41180489795,2568.04413063868,2579.98240238212
,91.5,2607.90250900519,2608.43324819796,2555.15622353437,2569.06589878355,2524.93090547538,2533.63549180866,2552.22347333511,2514.65689765974,2531.24331631434,2515.60769590519,2581.37393270163,2727.53900138005,2539.93458462605,2550.72650671424,2488.79945327785,2701.79557076306,2565.13941355372,2517.92718991165,2519.25061333679,2533.03324619942,2523.26243462959,2526.28680528802,2549.44141194208,2518.85574952011,2571.89637228557,2556.91747004005,2529.13534442735,2548.51888108055,2523.83901232954,2549.39516672143,2543.71968962766,2507.88592915393,2555.75247283317,2509.12041026039,2582.91425855996,2533.22561834918,2531.46123103376,2515.4404080288,2512.65995062336,2508.7781443884,2532.62199130315,2507.34164194841,2529.35568987094,2516.33736641521,2517.49751375455,2549.05290059262,2549.99563619383,2530.20585707973,2546.42608107645,2538.91758119739,2504.46424570899,2498.89061238999,2491.28609729047,2578.3883664844,2498.97549124653,2636.67157812093,2566.48473186318,2591.72011358724,2511.22054876472,2551.22046720999,2538.23775185792,2514.00465116693,2499.55678246754,2502.57912235416,2576.64755347595,2509.55595427933,2521.98406977917,2553.18915094606,2550.08744755361,2525.04455329601,2528.42248674582,2560.42757450111,2567.12934319065,2549.78094758873,2623.4464717586,2572.37602992496,2622.48134796363,2581.16914311752,2555.96205187149,2574.38711429183,2545.53914188367,2531.09891904286,2532.931999092,2582.74206267722,2539.2379682655,2511.06564181426,2499.26960459218,2537.07141060138,2512.53662869986,2548.51834044096,2629.69217405852,2523.19117182767,2572.41392623223,2525.12769354264,2563.54122330637,2575.64081597719
,92,2603.34925847146,2603.80061635892,2551.21687240661,2565.6461659012,2521.33695556362,2530.34829940338,2548.99496982462,2511.15089122422,2527.09681760137,2511.31172300293,2577.74548270103,2723.47690882127,2536.03349404531,2545.79464934886,2484.81981160607,2696.31688248038,2560.88680236381,2513.65246127618,2515.57531652262,2528.83106846248,2519.82645274486,2522.47595601823,2545.1640877427,2514.00158536114,2567.15692072235,2552.60416696658,2524.81524095517,2544.71246918271,2519.88335387499,2545.31634583323,2539.32663096243,2504.01535671523,2551.20991167008,2504.65920774818,2578.70351608671,2529.50380895774,2528.02389815367,2511.7538364729,2509.54983213519,2505.5810439604,2529.01627550368,2502.82847292108,2524.91434811961,2511.58764828438,2513.35573009439,2544.52836848196,2545.29936871527,2525.75700683025,2542.17251281959,2535.94889796199,2500.61843818789,2495.41352689992,2488.54998661906,2574.71485143915,2494.80647284296,2631.78196250894,2562.2919684719,2587.12529530568,2507.64594233608,2547.06444857413,2534.34934638794,2509.86815553518,2495.91262006815,2498.97434785831,2573.12680117112,2505.67953653068,2518.33449298874,2548.98782243795,2545.47320131696,2521.10942465146,2524.42147892735,2554.95994071402,2562.94178666564,2545.31581081647,2618.08640776119,2567.98577238825,2617.58850480545,2576.84254756046,2551.32810987594,2569.18084141154,2541.17959799717,2526.29569047333,2528.11667924323,2577.78656261019,2534.90754077014,2506.96084605184,2495.41766934472,2532.91798996806,2508.64751634666,2544.30880019325,2624.60802043915,2518.84969717904,2567.97720345586,2521.38109419581,2558.83981109669,2571.45036042426
,92.5,2599.09984333162,2599.39628807226,2547.28107480406,2563.04050078238,2517.46255511486,2527.31713841743,2546.00626442516,2507.46267598772,2522.9854307533,2506.73848618546,2573.83447170371,2719.11551785632,2532.08499328961,2541.2905313528,2480.64898716644,2691.48538106059,2556.90866756639,2509.62546518598,2512.10578495089,2524.90025480356,2516.35460076745,2518.679636237,2540.99004198998,2509.66171026712,2562.72497129941,2548.66927210503,2520.57746571933,2541.09650014704,2516.4110480138,2541.37496794063,2534.91041137633,2499.81341107746,2547.25154302185,2500.39422343264,2574.24696357289,2525.77659168068,2525.30095112728,2507.96688649331,2506.31312444721,2502.19381940957,2525.6943623008,2498.60976161925,2520.72117836557,2507.27727144281,2509.17136839255,2540.17804650222,2540.94373571652,2521.5223080371,2538.26052119387,2532.76320946037,2497.09852620074,2492.01819246339,2485.48098959087,2571.12679440343,2490.60853452692,2627.53530960906,2558.08182363554,2582.61969702004,2504.09748036356,2543.02014116979,2530.66237216901,2505.87535944265,2492.47043761403,2495.53689540575,2569.3933454789,2501.95003010173,2514.55786184918,2545.18071669626,2541.16129503017,2517.22568937796,2520.60573490437,2549.66707374948,2558.92892789908,2540.77236624632,2612.90324018514,2563.34499723232,2613.03633480455,2572.97942783671,2547.27423362006,2564.41285157324,2536.76642888715,2521.56642597879,2523.52071127347,2572.6147685196,2530.71247994498,2503.2916665098,2491.5173357142,2528.90619167883,2504.96618091562,2540.22104994228,2619.83353749331,2514.82160461691,2563.85167123652,2517.66531435831,2554.45863415139,2567.09969397455
,93,2594.4983134459,2595.19786003946,2543.180012607,2560.43484774173,2513.63240783529,2524.27444419495,2542.69738576414,2503.64387552568,2519.27412157786,2501.94801892418,2569.83646247554,2714.70574751132,2528.34499077259,2537.13607637485,2476.99950215835,2687.09853935074,2553.10969359187,2505.59387710497,2508.66576582537,2521.08395531413,2512.77425354774,2514.9883895455,2537.08439561351,2505.40962856488,2558.29212463488,2544.75391793982,2516.59275998159,2537.28380345313,2513.02751433242,2537.21426941779,2530.23287250137,2495.78379660977,2543.27119613433,2496.24798960833,2570.09768908227,2522.0556847243,2522.46571819031,2504.4807767124,2503.1730236279,2498.7042327733,2522.3914089961,2494.64052581166,2516.44938463892,2503.36964900378,2504.87111882535,2536.02626379604,2537.06957955003,2517.40691452694,2534.42051102774,2529.61430735066,2493.79753644351,2488.44755653299,2482.34743121219,2567.55718679522,2486.40649562656,2623.28451875477,2553.84707313057,2578.03919562882,2500.71863680593,2539.23415037814,2527.23478659331,2502.32831653085,2489.29873814226,2492.14725421386,2565.57700981568,2498.56489482632,2510.63900346435,2541.75529042304,2536.61177847183,2513.29215521251,2517.01740090132,2544.68824693259,2554.61378798865,2536.30462915093,2607.88019787724,2558.95783394054,2608.56247141956,2568.91265057875,2542.95687887397,2560.10736653495,2532.19069343038,2517.65458428721,2518.72916217623,2567.65094535203,2526.44924947621,2499.40518275622,2487.77037659067,2524.71389415656,2501.31486087491,2535.99945352639,2615.02921050803,2510.5636819183,2559.95563128404,2513.6119909825,2549.4849490935,2563.24157546579
,93.5,2589.90269639641,2590.7475062268,2538.83400553016,2557.60361040188,2509.73323363856,2521.44793984748,2539.21237742673,2499.305008879,2515.43341428342,2497.17468042287,2565.89687838331,2710.62366751909,2525.11341793426,2533.36691148783,2473.19487906992,2682.89799193175,2549.3179601463,2501.90069235192,2504.93753596602,2516.86257166518,2509.27403623621,2511.52071030909,2533.20705102989,2501.06483067984,2553.90615677068,2540.91223465623,2512.71068431855,2533.43801451979,2509.8537071423,2533.0820647133,2525.58631810296,2491.34799076691,2539.6234170834,2492.20040933467,2566.00281655244,2518.31316413303,2519.79730932982,2500.5397993709,2500.00623071415,2495.27073059164,2518.95148435119,2490.42561961936,2512.50723891267,2499.73075179604,2500.52781720594,2531.9294129652,2533.14815028042,2512.95661573878,2531.21070698759,2526.13687099186,2490.42829568249,2485.00596516213,2479.11910587597,2564.04964215227,2482.46218368999,2619.53161287783,2549.75781893319,2573.97908869293,2497.43052860433,2535.57792651115,2523.90094935994,2498.69915215422,2485.91053392255,2489.05600167217,2561.52901448819,2495.40472498955,2506.62946211715,2538.2161942401,2531.54707900717,2509.54916021198,2513.31033118726,2539.72217877406,2550.25714117763,2532.08285514692,2603.34939993561,2554.43116832024,2603.51738191624,2564.59423939675,2538.98400018644,2556.33061275409,2527.59941793282,2513.72151901199,2514.0002468259,2562.73194182525,2522.28376106757,2495.6999606007,2483.74958712874,2520.5241566556,2497.5696405491,2531.986818756,2610.39821529804,2506.20474984595,2555.94709535048,2509.37591265135,2544.26798817532,2558.89191900629
,94,2585.15045307841,2586.34029840323,2534.63485669636,2554.04202227773,2505.1644855619,2518.08605023639,2535.18000837454,2495.49342147015,2511.57231186223,2492.62139184878,2561.49363824047,2707.03313045465,2521.9025016549,2529.86536630193,2469.76143888363,2678.62660920466,2545.11529384779,2498.34725724681,2500.95420703619,2512.78366494279,2505.33893034422,2507.95277376944,2528.93765386333,2496.38818364297,2549.2618667588,2536.75855175791,2509.6423534456,2528.65062899495,2506.57564531036,2529.20637196887,2521.14032948476,2486.87592547009,2536.23660060922,2488.17029258237,2561.59176141249,2514.11669058697,2517.05694176088,2496.82788786788,2496.77312827543,2492.43458461148,2515.19269986964,2486.61650607461,2508.53248394868,2496.42618805388,2496.78717454819,2527.87794193668,2529.70332761285,2508.40141339547,2527.92769626862,2521.99319228591,2486.84282608388,2482.15277952351,2475.7427577959,2560.24889662389,2478.96403097588,2614.92695041096,2546.56108564931,2569.40345959178,2494.05211370516,2531.46851982154,2520.22764843183,2495.96084525727,2482.53298754056,2485.20176079745,2557.64175667564,2492.67400529164,2502.69900484848,2534.59318549422,2526.25533381224,2506.51394898022,2509.34665529188,2535.11858360588,2545.26181181582,2528.5651806614,2599.26907246334,2550.54993602273,2598.48826576977,2560.24866144753,2535.19985120552,2553.59186284887,2522.84535079659,2510.89762090279,2508.75799446833,2557.9723771897,2517.68769682484,2492.13738053383,2479.83296694319,2516.82566456636,2494.24418601105,2528.52214347402,2606.04685709966,2502.08587343078,2552.17604531479,2504.94355849132,2538.87336707125,2555.2079708402
,94.5,2580.31210158648,2581.85877703602,2530.26750614158,2550.37206780021,2500.41872603313,2514.84311508884,2531.03714925729,2491.37281341724,2507.81261316391,2488.21062089544,2556.91926392086,2703.50924621528,2518.68798467222,2526.69874533865,2466.4941394774,2674.51250725613,2540.85434162779,2494.74704621188,2496.87941069192,2508.62597779455,2501.11660927899,2504.38205306281,2524.87637263958,2491.97798470134,2544.63307755526,2532.63229879351,2506.67203648149,2523.76545871302,2503.4339355332,2525.11314874194,2516.84627507287,2482.43178838393,2533.12174078207,2484.07717038071,2557.09522696031,2510.04813541226,2514.38799047579,2493.13577433428,2493.49953324812,2489.38495411822,2511.48545119932,2482.90402216424,2504.67795460658,2493.38691555094,2492.88958278336,2524.00502361062,2526.37736822278,2503.6135003355,2524.76687788883,2517.91432690599,2483.28901156307,2479.25517007011,2472.14543814398,2556.23743141637,2475.37367579458,2610.44164457651,2543.11760532581,2564.67401401172,2490.51024658865,2527.5448741624,2516.52201666799,2493.24816246283,2479.24339072056,2481.53811796245,2553.43038350699,2490.02959911535,2498.67278481207,2530.91196298642,2521.19465151854,2503.44034308834,2505.50125860928,2530.53999975531,2540.19557947211,2525.13540878417,2595.19772051947,2546.78418245685,2593.44946460246,2555.69808578199,2531.25818682405,2551.06356745058,2518.06255200943,2508.20437475296,2503.71451722818,2553.35123063948,2513.1215102881,2488.55795763803,2476.07560370424,2512.9725240952,2490.90922940996,2524.79256363774,2601.63419470724,2497.89655960487,2548.22977164646,2500.87722373646,2533.41239629583,2551.31152780338
,95,2575.41673802756,2577.43818542144,2526.56748669744,2545.14639715418,2494.66961651801,2510.61209992087,2525.96297581233,2488.97460297618,2504.20788774501,2484.32938844224,2551.85176920314,2701.91922269649,2514.96784065604,2523.85096134263,2463.82081496683,2669.69316859717,2535.9881668018,2491.29696678328,2492.34700925104,2504.95579650016,2495.82434673471,2500.2718718451,2519.87501802219,2485.99587132928,2539.29483890872,2527.89166499147,2504.99572392068,2516.97516737681,2500.14137734875,2521.93541899708,2512.86872956003,2477.65128389998,2530.28000642638,2479.85605658444,2552.16680628945,2504.83820537752,2511.55648080018,2489.38142443773,2490.83828836703,2488.09595626481,2507.10773839039,2479.86895995814,2500.69184014022,2490.54905802813,2490.41856353178,2520.19029856839,2523.54882763002,2498.33027929225,2521.50254732824,2512.97341730896,2479.29171657974,2477.71701806791,2468.71508895928,2552.23156661786,2472.58634453078,2603.91615172483,2541.99724359042,2558.66158554114,2486.53440458657,2522.78801550116,2511.42476900443,2492.24134766258,2475.51224538346,2475.89301663771,2550.14535889557,2488.44994693212,2495.20717593578,2527.20949040425,2515.61106166226,2502.01699227378,2501.05970802077,2526.55336602433,2533.75734391005,2523.23476438322,2592.67147019027,2544.92411828262,2588.73569775024,2551.37897011378,2527.87876161777,2550.73574910756,2513.51195056625,2508.0131656887,2497.30726087131,2548.84723080882,2507.75095939661,2485.1043212442,2472.44172936133,2510.41465395719,2489.09316793835,2522.44692820755,2597.73640955947,2494.26279505647,2544.98887861102,2496.57225548986,2527.68228949361,2549.41157081353
